============================================================
   Tang Dynasty, V6.2.168116
   Copyright (c) 2012-2025 Anlogic Inc.
   Executable = C:/FPGA/Anlogic/TD_6.2.1_Engineer_6.2.168.116/bin/run.exe
   Built at =   16:32:07 Jun 12 2025
   Run by =     lenovo
   Run Date =   Tue Oct  6 16:18:10 2026

   Run on =     LAPTOP-O2QHV7KA
============================================================
RUN-1002 : start command "import_device ph1_35p.db -package PH1P35MDG324 -speed 3"
ARC-1001 : Device Initialization.
ARC-1001 : ----------------------------------------------------------------
ARC-1001 :           OPTION          |          IO           |   SETTING   
ARC-1001 : ----------------------------------------------------------------
ARC-1001 :   non_jtag_persist(none)  |        35 IOs         |    gpio    
ARC-1001 :            jtag           |  P13/P15/L14/R13/T13  |  dedicate  
ARC-1001 : ----------------------------------------------------------------
RUN-1003 : finish command "import_device ph1_35p.db -package PH1P35MDG324 -speed 3" in  1.380497s wall, 0.984375s user + 0.140625s system = 1.125000s CPU (81.5%)

RUN-1004 : used memory is 324 MB, reserved memory is 321 MB, peak memory is 324 MB
RUN-1002 : start command "open_project camera_to_dsi_display.prj -noanalyze"
RUN-1002 : start command "import_db ../syn_1/camera_to_dsi_display_gate.db"
RUN-1001 : Importing database generated by Tang Dynasty, V6.2.168116.
RUN-1001 : Database version number 46207
RUN-1001 : Import flow parameters
RUN-1001 : Import netlist
RUN-1001 : Import timing constraints
RUN-1001 : Import IO constraints
RUN-1001 : Import Inst constraints
RUN-1001 : Import ChipWatcher
RUN-1001 : Import design success TD_VERSION=6.2.168116 , DB_VERSION=46207
RUN-1003 : finish command "import_db ../syn_1/camera_to_dsi_display_gate.db" in  1.139945s wall, 0.484375s user + 0.062500s system = 0.546875s CPU (48.0%)

RUN-1004 : used memory is 535 MB, reserved memory is 532 MB, peak memory is 535 MB
RUN-1002 : start command "commit_param -step place"
RUN-1001 : Print Global Property
RUN-1001 : -------------------------------------------------------------
RUN-1001 :     Parameters    |   Settings   |  Default Values  |  Note  
RUN-1001 : -------------------------------------------------------------
RUN-1001 :    enable_seed    |     off      |       off        |        
RUN-1001 :    hfn_to_clock   |  1000000000  |    1000000000    |        
RUN-1001 :      message      |   standard   |     standard     |        
RUN-1001 :    qor_monitor    |      on      |        on        |        
RUN-1001 :   speedup_effort  |      0       |        0         |        
RUN-1001 :    syn_ip_flow    |     off      |       off        |        
RUN-1001 :       thread      |     auto     |       auto       |        
RUN-1001 : -------------------------------------------------------------
RUN-1001 : Print Place Property
RUN-1001 : ---------------------------------------------------------------
RUN-1001 :       Parameters      |  Settings  |  Default Values  |  Note  
RUN-1001 : ---------------------------------------------------------------
RUN-1001 :         effort        |   medium   |      medium      |        
RUN-1001 :     hfn_opt_effort    |   medium   |      medium      |        
RUN-1001 :    logic_level_opt    |    off     |       off        |        
RUN-1001 :   macro_performance   |    auto    |       auto       |        
RUN-1001 :       max_fanout      |   999999   |      999999      |        
RUN-1001 :       opt_timing      |   medium   |      medium      |        
RUN-1001 :     post_place_opt    |    auto    |       auto       |        
RUN-1001 :      pr_strategy      |     1      |        1         |        
RUN-1001 :   preplace_floorplan  |    off     |       off        |        
RUN-1001 : ---------------------------------------------------------------
RUN-1002 : start command "insert_debugger"
RUN-1002 : start command "place"
RUN-1001 : Open license file C:/FPGA/Anlogic/TD_6.2.1_Engineer_6.2.168.116/license/Anlogic.lic
PHY-3001 : Placer runs in 20 thread(s).
PHY-1001 : Stage 1 | Initialize Design
PHY-1001 : Stage 1.1 | Build Design
PHY-1001 : 10736 luts, 8196 seqs, 568 mslices, 1181 lslices, 53 pads, 39 brams, 13 dsps
RUN-1002 : start command "legalize_phy_inst"
SYN-1011 : Flatten model design_top_wrapper
SYN-1001 : ADC: Instance "u_ph1p35_324_ddr_wrapper/u_ddr2/ph1p_ddrmc_wrapper/ph1p_ddrmc_top/u_ddr_phy/u_ddrphy_top/u_ddrphy/ac_byte[0]$ac_byte_used$u_ddrphy_ac_byte_wrapper/u_ddrphy_byte" LOCATION="X0Y70Z0"
SYN-1001 : ADC: Instance "u_ph1p35_324_ddr_wrapper/u_ddr2/ph1p_ddrmc_wrapper/ph1p_ddrmc_top/u_ddr_phy/u_ddrphy_top/u_ddrphy/ac_byte[1]$ac_byte_used$u_ddrphy_ac_byte_wrapper/u_ddrphy_byte" LOCATION="X0Y60Z0"
SYN-1001 : ADC: Instance "u_ph1p35_324_ddr_wrapper/u_ddr2/ph1p_ddrmc_wrapper/ph1p_ddrmc_top/u_ddr_phy/u_ddrphy_top/u_ddrphy/ac_byte[2]$ac_byte_used$u_ddrphy_ac_byte_wrapper/u_ddrphy_byte" LOCATION="X0Y50Z0"
SYN-1001 : ADC: Instance "u_ph1p35_324_ddr_wrapper/u_ddr2/ph1p_ddrmc_wrapper/ph1p_ddrmc_top/u_ddr_phy/u_ddrphy_top/u_ddrphy/ac_byte[3]$ac_byte_used$u_ddrphy_ac_byte_wrapper/u_ddrphy_byte" LOCATION="X0Y40Z0"
SYN-1001 : ADC: Instance "u_ph1p35_324_ddr_wrapper/u_ddr2/ph1p_ddrmc_wrapper/ph1p_ddrmc_top/u_ddr_phy/u_ddrphy_top/u_ddrphy/bkref[0]$u_ddrphy_bankref" LOCATION="X0Y19Z0"
SYN-1001 : ADC: Instance "u_ph1p35_324_ddr_wrapper/u_ddr2/ph1p_ddrmc_wrapper/ph1p_ddrmc_top/u_ddr_phy/u_ddrphy_top/u_ddrphy/bkref[1]$u_ddrphy_bankref" LOCATION="X0Y59Z0"
SYN-1001 : ADC: Instance "u_ph1p35_324_ddr_wrapper/u_ddr2/ph1p_ddrmc_wrapper/ph1p_ddrmc_top/u_ddr_phy/u_ddrphy_top/u_ddrphy/dx_byte[0]$dx_byte_used$u_ddrphy_dx_byte_wrapper/u_ddrphy_byte" LOCATION="X0Y30Z0"
SYN-1001 : ADC: Instance "u_ph1p35_324_ddr_wrapper/u_ddr2/ph1p_ddrmc_wrapper/ph1p_ddrmc_top/u_ddr_phy/u_ddrphy_top/u_ddrphy/dx_byte[1]$dx_byte_used$u_ddrphy_dx_byte_wrapper/u_ddrphy_byte" LOCATION="X0Y10Z0"
SYN-1001 : ADC: Instance "u_ph1p35_324_ddr_wrapper/u_ddr2/ph1p_ddrmc_wrapper/ph1p_ddrmc_top/u_ddr_phy/u_ddrphy_top/u_ddrphy_clk/ioclk[0]$u_ioclk_0" LOCATION="X0Y59Z0"
SYN-1001 : ADC: Instance "u_ph1p35_324_ddr_wrapper/u_ddr2/ph1p_ddrmc_wrapper/ph1p_ddrmc_top/u_ddr_phy/u_ddrphy_top/u_ddrphy_clk/ioclk[0]$u_ioclk_1" LOCATION="X0Y59Z1"
SYN-1001 : ADC: Instance "u_ph1p35_324_ddr_wrapper/u_ddr2/ph1p_ddrmc_wrapper/ph1p_ddrmc_top/u_ddr_phy/u_ddrphy_top/u_ddrphy_clk/ioclk[1]$u_ioclk_0" LOCATION="X0Y19Z0"
SYN-1001 : ADC: Instance "u_ph1p35_324_ddr_wrapper/u_ddr2/ph1p_ddrmc_wrapper/ph1p_ddrmc_top/u_ddr_phy/u_ddrphy_top/u_ddrphy_clk/ioclk[1]$u_ioclk_1" LOCATION="X0Y19Z1"
SYN-1001 : ADC: Instance "u_ph1p35_324_ddr_wrapper/u_ddr2/ph1p_ddrmc_wrapper/ph1p_ddrmc_top/u_ddr_phy/u_ddrphy_top/u_ddrphy_clk/u_mlclk_1" LOCATION="X0Y59Z0"
SYN-1001 : ADC: Instance "u_ph1p35_324_ddr_wrapper/u_ddr2/ph1p_ddrmc_wrapper/ph1p_ddrmc_top/u_ddr_phy/u_ddrphy_top/u_ddrphy_clk/u_mlclk_2" LOCATION="X0Y59Z1"
SYN-1001 : ADC: Instance "u_ph1p35_324_ddr_wrapper/u_ddr2/ph1p_ddrmc_wrapper/ph1p_ddrmc_top/u_ddr_phy/u_ddrphy_top/u_ddrphy_clk/u_pll0/u_pll_inst" LOCATION="X0Y40Z0"
SYN-1001 : ADC: Instance "u_ph1p35_324_ddr_wrapper/u_ddr2/ph1p_ddrmc_wrapper/ph1p_ddrmc_top/u_ddr_phy/u_ddrphy_top/u_ddrphy_clk/u_pll1/u_pll_inst" LOCATION="X0Y79Z0"
PHY-1001 : Remove keep and sweep redundant instances ...
SYN-5078 WARNING: u_isp_top/awb_O_tready has sel-loop, it will be optimized to const 1
PHY-1001 : 10447 luts, 7865 seqs, 568 mslices, 1164 lslices, 53 pads, 39 brams, 13 dsps
PHY-1001 : End Stage 1.1 | Build Design; Time: 0.207726s wall, 0.187500s user + 0.000000s system = 0.187500s CPU (90.3%); Memory(MB): used = 536, reserved = 532, peak = 536;

PHY-1001 : Stage 1.2 | Optimize Design
OPT-1001 : Stage 1.2.1 | Simplify Lut
OPT-1001 : End Stage 1.2.1 | Simplify Lut; Time: 0.033607s wall, 0.031250s user + 0.000000s system = 0.031250s CPU (93.0%); Memory(MB): used = 537, reserved = 532, peak = 537;

OPT-1001 : Stage 1.2.2 | Sweep
OPT-1001 : End Stage 1.2.2 | Sweep; Time: 0.007017s wall, 0.015625s user + 0.000000s system = 0.015625s CPU (222.7%); Memory(MB): used = 537, reserved = 532, peak = 537;

OPT-1001 : Stage 1.2.3 | Merge Lut
OPT-1001 : Start remap optimization ...
RUN-1001 :   Added 0 lut1 for undup drivers
OPT-1001 : Update timing in basic mode
RUN-1002 : start command "start_timer"
USR-1002 : Derived clock:  create_generated_clock -name {u_PLL/ph1p_phy_pll_wrapper_25a56e5ce2f9_Inst/u_PH1P_PHY_PLL.clkc[0]} -source [get_ports {I_sys_clk}] -master_clock {sys_clk_50m} -multiply_by 2.0000 -duty_cycle 50.0000 [get_pins {u_PLL/ph1p_phy_pll_wrapper_25a56e5ce2f9_Inst/u_PH1P_PHY_PLL.clkc[0]}]
USR-1002 : Derived clock:  create_generated_clock -name {u_PLL/ph1p_phy_pll_wrapper_25a56e5ce2f9_Inst/u_PH1P_PHY_PLL.clkc[1]} -source [get_ports {I_sys_clk}] -master_clock {sys_clk_50m} -divide_by 2.1000 -duty_cycle 50.0000 [get_pins {u_PLL/ph1p_phy_pll_wrapper_25a56e5ce2f9_Inst/u_PH1P_PHY_PLL.clkc[1]}]
USR-1002 : Derived clock:  create_generated_clock -name {u_PLL/ph1p_phy_pll_wrapper_25a56e5ce2f9_Inst/u_PH1P_PHY_PLL.clkc[4]} -source [get_ports {I_sys_clk}] -master_clock {sys_clk_50m} -multiply_by 1.5000 -duty_cycle 50.0000 [get_pins {u_PLL/ph1p_phy_pll_wrapper_25a56e5ce2f9_Inst/u_PH1P_PHY_PLL.clkc[4]}]
USR-1002 : Derived clock:  create_generated_clock -name {u_PLL/ph1p_phy_pll_wrapper_25a56e5ce2f9_Inst/u_PH1P_PHY_PLL.clkc[5]} -source [get_ports {I_sys_clk}] -master_clock {sys_clk_50m} -multiply_by 7.5000 -duty_cycle 50.0000 [get_pins {u_PLL/ph1p_phy_pll_wrapper_25a56e5ce2f9_Inst/u_PH1P_PHY_PLL.clkc[5]}]
USR-1002 : Derived clock:  create_generated_clock -name {u_ph1p35_324_ddr_wrapper/u_ddr2/ph1p_ddrmc_wrapper/ph1p_ddrmc_top/u_ddr_phy/u_ddrphy_top/u_ddrphy_clk/u_pll0/u_pll_inst.clkc[0]} -source [get_ports {I_sys_clk}] -master_clock {sys_clk_50m} -multiply_by 1.3333 -duty_cycle 50.0000 [get_pins {u_ph1p35_324_ddr_wrapper/u_ddr2/ph1p_ddrmc_wrapper/ph1p_ddrmc_top/u_ddr_phy/u_ddrphy_top/u_ddrphy_clk/u_pll0/u_pll_inst.clkc[0]}]
USR-1002 : Derived clock:  create_generated_clock -name {u_ph1p35_324_ddr_wrapper/u_ddr2/ph1p_ddrmc_wrapper/ph1p_ddrmc_top/u_ddr_phy/u_ddrphy_top/u_ddrphy_clk/u_pll0/u_pll_inst.clkc[1]} -source [get_ports {I_sys_clk}] -master_clock {sys_clk_50m} -multiply_by 1.3333 -duty_cycle 50.0000 [get_pins {u_ph1p35_324_ddr_wrapper/u_ddr2/ph1p_ddrmc_wrapper/ph1p_ddrmc_top/u_ddr_phy/u_ddrphy_top/u_ddrphy_clk/u_pll0/u_pll_inst.clkc[1]}]
USR-1002 : Derived clock:  create_generated_clock -name {u_ph1p35_324_ddr_wrapper/u_ddr2/ph1p_ddrmc_wrapper/ph1p_ddrmc_top/u_ddr_phy/u_ddrphy_top/u_ddrphy_clk/u_pll0/u_pll_inst.clkc[2]} -source [get_ports {I_sys_clk}] -master_clock {sys_clk_50m} -multiply_by 5.3333 -duty_cycle 50.0000 [get_pins {u_ph1p35_324_ddr_wrapper/u_ddr2/ph1p_ddrmc_wrapper/ph1p_ddrmc_top/u_ddr_phy/u_ddrphy_top/u_ddrphy_clk/u_pll0/u_pll_inst.clkc[2]}]
USR-1002 : Derived clock:  create_generated_clock -name {u_ph1p35_324_ddr_wrapper/u_ddr2/ph1p_ddrmc_wrapper/ph1p_ddrmc_top/u_ddr_phy/u_ddrphy_top/u_ddrphy_clk/u_pll0/u_pll_inst.clkc[3]} -source [get_ports {I_sys_clk}] -master_clock {sys_clk_50m} -divide_by 1.9687 -duty_cycle 50.0000 [get_pins {u_ph1p35_324_ddr_wrapper/u_ddr2/ph1p_ddrmc_wrapper/ph1p_ddrmc_top/u_ddr_phy/u_ddrphy_top/u_ddrphy_clk/u_pll0/u_pll_inst.clkc[3]}]
USR-1002 : Derived clock:  create_generated_clock -name {u_ph1p35_324_ddr_wrapper/u_ddr2/ph1p_ddrmc_wrapper/ph1p_ddrmc_top/u_ddr_phy/u_ddrphy_top/u_ddrphy_clk/u_pll1/u_pll_inst.clkc[0]} -source [get_pins {u_ph1p35_324_ddr_wrapper/u_ddr2/ph1p_ddrmc_wrapper/ph1p_ddrmc_top/u_ddr_phy/u_ddrphy_top/u_ddrphy_clk/u_pll0/u_pll_inst.clkc[0]}] -master_clock {u_ph1p35_324_ddr_wrapper/u_ddr2/ph1p_ddrmc_wrapper/ph1p_ddrmc_top/u_ddr_phy/u_ddrphy_top/u_ddrphy_clk/u_pll0/u_pll_inst.clkc[0]} -multiply_by 1.0000 -duty_cycle 50.0000 [get_pins {u_ph1p35_324_ddr_wrapper/u_ddr2/ph1p_ddrmc_wrapper/ph1p_ddrmc_top/u_ddr_phy/u_ddrphy_top/u_ddrphy_clk/u_pll1/u_pll_inst.clkc[0]}]
9.660000
15.000000
15.000000
13.333000
TMR-2502 : Net delay update with mode: Synthesized
OPT-1001 : End timing update;  1.053227s wall, 1.046875s user + 0.015625s system = 1.062500s CPU (100.9%)

OPT-0007 : Start: SWNS -7121 STNS -2390586 NUM_FEPS 386
OPT-1001 : RemapOpt: identify 28 lut pair candidates and remap 28 pairs successfully
OPT-1001 : Update timing in basic mode
RUN-1002 : start command "start_timer"
OPT-1001 : End timing update;  1.083922s wall, 1.031250s user + 0.000000s system = 1.031250s CPU (95.1%)

RUN-1002 : start command "set_net_weight u_hdmi_mixer/mult0_syn_5[0] 50"
RUN-1002 : start command "set_net_weight u_hdmi_mixer/mult0_syn_5[7] 50"
RUN-1002 : start command "set_net_weight u_hdmi_mixer/mult0_syn_5[6] 50"
RUN-1002 : start command "set_net_weight u_hdmi_mixer/mult0_syn_5[5] 50"
RUN-1002 : start command "set_net_weight u_hdmi_mixer/mult0_syn_5[4] 50"
RUN-1002 : start command "set_net_weight u_hdmi_mixer/mult0_syn_5[3] 50"
RUN-1002 : start command "set_net_weight u_hdmi_mixer/mult0_syn_5[2] 50"
RUN-1002 : start command "set_net_weight u_hdmi_mixer/mult0_syn_5[1] 50"
RUN-1002 : start command "set_net_weight u_isp_top/u_edge_detect_96/add0_syn_3[7] 50"
RUN-1002 : start command "set_net_weight u_isp_top/u_edge_detect_96/add0_syn_3[6] 50"
RUN-1002 : start command "set_net_weight u_isp_top/u_edge_detect_96/add0_syn_3[5] 50"
RUN-1002 : start command "set_net_weight u_isp_top/u_edge_detect_96/add0_syn_3[4] 50"
RUN-1002 : start command "set_net_weight u_isp_top/u_edge_detect_96/add0_syn_3[3] 50"
RUN-1002 : start command "set_net_weight u_isp_top/u_edge_detect_96/add0_syn_3[2] 50"
RUN-1002 : start command "set_net_weight u_isp_top/u_edge_detect_96/add0_syn_3[1] 50"
RUN-1002 : start command "set_net_weight u_isp_top/u_edge_detect_96/add11_syn_3[12] 50"
RUN-1002 : start command "set_net_weight u_isp_top/u_edge_detect_96/add11_syn_3[11] 50"
RUN-1002 : start command "set_net_weight u_isp_top/u_edge_detect_96/add11_syn_3[10] 50"
RUN-1002 : start command "set_net_weight u_isp_top/u_edge_detect_96/add11_syn_3[9] 50"
RUN-1002 : start command "set_net_weight u_isp_top/u_edge_detect_96/add11_syn_3[8] 50"
RUN-1002 : start command "set_net_weight u_isp_top/u_edge_detect_96/add11_syn_3[7] 50"
RUN-1002 : start command "set_net_weight u_isp_top/u_edge_detect_96/add11_syn_3[6] 50"
RUN-1002 : start command "set_net_weight u_isp_top/u_edge_detect_96/add11_syn_3[5] 50"
RUN-1002 : start command "set_net_weight u_isp_top/u_edge_detect_96/add11_syn_3[4] 50"
RUN-1002 : start command "set_net_weight u_isp_top/u_edge_detect_96/add11_syn_3[3] 50"
RUN-1002 : start command "set_net_weight u_isp_top/u_edge_detect_96/add11_syn_3[2] 50"
RUN-1002 : start command "set_net_weight u_isp_top/u_edge_detect_96/add11_syn_3[1] 50"
RUN-1002 : start command "set_net_weight u_isp_top/u_edge_detect_96/add13_syn_3[9] 50"
RUN-1002 : start command "set_net_weight u_isp_top/u_edge_detect_96/add13_syn_3[8] 50"
RUN-1002 : start command "set_net_weight u_isp_top/u_edge_detect_96/add13_syn_3[7] 50"
RUN-1002 : start command "set_net_weight u_isp_top/u_edge_detect_96/add13_syn_3[6] 50"
RUN-1002 : start command "set_net_weight u_isp_top/u_edge_detect_96/add13_syn_3[5] 50"
RUN-1002 : start command "set_net_weight u_isp_top/u_edge_detect_96/add13_syn_3[4] 50"
RUN-1002 : start command "set_net_weight u_isp_top/u_edge_detect_96/add13_syn_3[3] 50"
RUN-1002 : start command "set_net_weight u_isp_top/u_edge_detect_96/add13_syn_3[2] 50"
RUN-1002 : start command "set_net_weight u_isp_top/u_edge_detect_96/add13_syn_3[1] 50"
RUN-1002 : start command "set_net_weight u_isp_top/u_edge_detect_96/add13_syn_14[9] 50"
RUN-1002 : start command "set_net_weight u_isp_top/u_edge_detect_96/add13_syn_14[8] 50"
RUN-1002 : start command "set_net_weight u_isp_top/u_edge_detect_96/add13_syn_14[7] 50"
RUN-1002 : start command "set_net_weight u_isp_top/u_edge_detect_96/add13_syn_14[6] 50"
RUN-1002 : start command "set_net_weight u_isp_top/u_edge_detect_96/add13_syn_14[5] 50"
RUN-1002 : start command "set_net_weight u_isp_top/u_edge_detect_96/add13_syn_14[4] 50"
RUN-1002 : start command "set_net_weight u_isp_top/u_edge_detect_96/add13_syn_14[3] 50"
RUN-1002 : start command "set_net_weight u_isp_top/u_edge_detect_96/add13_syn_14[2] 50"
RUN-1002 : start command "set_net_weight u_isp_top/u_edge_detect_96/add13_syn_14[1] 50"
RUN-1002 : start command "set_net_weight u_isp_top/u_edge_detect_96/add19_syn_3[12] 50"
RUN-1002 : start command "set_net_weight u_isp_top/u_edge_detect_96/add19_syn_3[11] 50"
RUN-1002 : start command "set_net_weight u_isp_top/u_edge_detect_96/add19_syn_3[10] 50"
RUN-1002 : start command "set_net_weight u_isp_top/u_edge_detect_96/add19_syn_3[9] 50"
RUN-1002 : start command "set_net_weight u_isp_top/u_edge_detect_96/add19_syn_3[8] 50"
RUN-1002 : start command "set_net_weight u_isp_top/u_edge_detect_96/add19_syn_3[7] 50"
RUN-1002 : start command "set_net_weight u_isp_top/u_edge_detect_96/add19_syn_3[6] 50"
RUN-1002 : start command "set_net_weight u_isp_top/u_edge_detect_96/add19_syn_3[5] 50"
RUN-1002 : start command "set_net_weight u_isp_top/u_edge_detect_96/add19_syn_3[4] 50"
RUN-1002 : start command "set_net_weight u_isp_top/u_edge_detect_96/add19_syn_3[3] 50"
RUN-1002 : start command "set_net_weight u_isp_top/u_edge_detect_96/add19_syn_3[2] 50"
RUN-1002 : start command "set_net_weight u_isp_top/u_edge_detect_96/add19_syn_3[1] 50"
RUN-1002 : start command "set_net_weight u_isp_top/u_edge_detect_96/add2_syn_3[7] 50"
RUN-1002 : start command "set_net_weight u_isp_top/u_edge_detect_96/add2_syn_3[6] 50"
RUN-1002 : start command "set_net_weight u_isp_top/u_edge_detect_96/add2_syn_3[5] 50"
RUN-1002 : start command "set_net_weight u_isp_top/u_edge_detect_96/add2_syn_3[4] 50"
RUN-1002 : start command "set_net_weight u_isp_top/u_edge_detect_96/add2_syn_3[3] 50"
RUN-1002 : start command "set_net_weight u_isp_top/u_edge_detect_96/add2_syn_3[2] 50"
RUN-1002 : start command "set_net_weight u_isp_top/u_edge_detect_96/add2_syn_3[1] 50"
RUN-1002 : start command "set_net_weight u_isp_top/u_edge_detect_96/add21_syn_3[9] 50"
RUN-1002 : start command "set_net_weight u_isp_top/u_edge_detect_96/add21_syn_3[8] 50"
RUN-1002 : start command "set_net_weight u_isp_top/u_edge_detect_96/add21_syn_3[7] 50"
RUN-1002 : start command "set_net_weight u_isp_top/u_edge_detect_96/add21_syn_3[6] 50"
RUN-1002 : start command "set_net_weight u_isp_top/u_edge_detect_96/add21_syn_3[5] 50"
RUN-1002 : start command "set_net_weight u_isp_top/u_edge_detect_96/add21_syn_3[4] 50"
RUN-1002 : start command "set_net_weight u_isp_top/u_edge_detect_96/add21_syn_3[3] 50"
RUN-1002 : start command "set_net_weight u_isp_top/u_edge_detect_96/add21_syn_3[2] 50"
RUN-1002 : start command "set_net_weight u_isp_top/u_edge_detect_96/add21_syn_3[1] 50"
RUN-1002 : start command "set_net_weight u_isp_top/u_edge_detect_96/add21_syn_14[9] 50"
RUN-1002 : start command "set_net_weight u_isp_top/u_edge_detect_96/add21_syn_14[8] 50"
RUN-1002 : start command "set_net_weight u_isp_top/u_edge_detect_96/add21_syn_14[7] 50"
RUN-1002 : start command "set_net_weight u_isp_top/u_edge_detect_96/add21_syn_14[6] 50"
RUN-1002 : start command "set_net_weight u_isp_top/u_edge_detect_96/add21_syn_14[5] 50"
RUN-1002 : start command "set_net_weight u_isp_top/u_edge_detect_96/add21_syn_14[4] 50"
RUN-1002 : start command "set_net_weight u_isp_top/u_edge_detect_96/add21_syn_14[3] 50"
RUN-1002 : start command "set_net_weight u_isp_top/u_edge_detect_96/add21_syn_14[2] 50"
RUN-1002 : start command "set_net_weight u_isp_top/u_edge_detect_96/add21_syn_14[1] 50"
RUN-1002 : start command "set_net_weight u_isp_top/u_edge_detect_96/add24_syn_3[7] 50"
RUN-1002 : start command "set_net_weight u_isp_top/u_edge_detect_96/add24_syn_3[6] 50"
RUN-1002 : start command "set_net_weight u_isp_top/u_edge_detect_96/add24_syn_3[5] 50"
RUN-1002 : start command "set_net_weight u_isp_top/u_edge_detect_96/add24_syn_3[4] 50"
RUN-1002 : start command "set_net_weight u_isp_top/u_edge_detect_96/add24_syn_3[3] 50"
RUN-1002 : start command "set_net_weight u_isp_top/u_edge_detect_96/add24_syn_3[2] 50"
RUN-1002 : start command "set_net_weight u_isp_top/u_edge_detect_96/add24_syn_3[1] 50"
RUN-1002 : start command "set_net_weight u_isp_top/u_edge_detect_96/add6_syn_3[7] 50"
RUN-1002 : start command "set_net_weight u_isp_top/u_edge_detect_96/add6_syn_3[6] 50"
RUN-1002 : start command "set_net_weight u_isp_top/u_edge_detect_96/add6_syn_3[5] 50"
RUN-1002 : start command "set_net_weight u_isp_top/u_edge_detect_96/add6_syn_3[4] 50"
RUN-1002 : start command "set_net_weight u_isp_top/u_edge_detect_96/add6_syn_3[3] 50"
RUN-1002 : start command "set_net_weight u_isp_top/u_edge_detect_96/add6_syn_3[2] 50"
RUN-1002 : start command "set_net_weight u_isp_top/u_edge_detect_96/add6_syn_3[1] 50"
RUN-1002 : start command "set_net_weight u_isp_top/u_edge_detect_96/ramread0_syn_57 50"
RUN-1002 : start command "set_net_weight u_isp_top/u_edge_detect_96/ramread0_syn_58 50"
RUN-1002 : start command "set_net_weight u_isp_top/u_edge_detect_96/ramread0_syn_59 50"
RUN-1002 : start command "set_net_weight u_isp_top/u_edge_detect_96/ramread0_syn_60 50"
RUN-1002 : start command "set_net_weight u_isp_top/u_edge_detect_96/ramread0_syn_61 50"
RUN-1002 : start command "set_net_weight u_isp_top/u_edge_detect_96/ramread0_syn_62 50"
RUN-1002 : start command "set_net_weight u_isp_top/u_edge_detect_96/ramread0_syn_63 50"
RUN-1002 : start command "set_net_weight u_isp_top/u_edge_detect_96/ramread0_syn_64 50"
RUN-1002 : start command "set_net_weight u_isp_top/u_edge_detect_96/ramread0_syn_65 50"
RUN-1002 : start command "set_net_weight u_isp_top/u_edge_detect_96/ramread0_syn_66 50"
RUN-1002 : start command "set_net_weight u_isp_top/u_edge_detect_96/ramread0_syn_67 50"
RUN-1002 : start command "set_net_weight u_isp_top/u_edge_detect_96/ramread0_syn_68 50"
RUN-1002 : start command "set_net_weight u_isp_top/u_edge_detect_96/ramread0_syn_69 50"
RUN-1002 : start command "set_net_weight u_isp_top/u_edge_detect_96/ramread0_syn_70 50"
RUN-1002 : start command "set_net_weight u_isp_top/u_edge_detect_96/ramread0_syn_71 50"
RUN-1002 : start command "set_net_weight u_isp_top/u_edge_detect_96/ramread0_syn_72 50"
RUN-1002 : start command "set_net_weight u_isp_top/u_edge_detect_96/ramread0_syn_73 50"
RUN-1002 : start command "set_net_weight u_isp_top/u_edge_detect_96/ramread0_syn_74 50"
RUN-1002 : start command "set_net_weight u_isp_top/u_edge_detect_96/ramread0_syn_75 50"
RUN-1002 : start command "set_net_weight u_isp_top/u_edge_detect_96/ramread0_syn_76 50"
RUN-1002 : start command "set_net_weight u_isp_top/u_edge_detect_96/ramread0_syn_77 50"
RUN-1002 : start command "set_net_weight u_isp_top/u_edge_detect_96/ramread0_syn_78 50"
RUN-1002 : start command "set_net_weight u_isp_top/u_edge_detect_96/ramread0_syn_79 50"
RUN-1002 : start command "set_net_weight u_isp_top/u_edge_detect_96/ramread0_syn_80 50"
RUN-1002 : start command "set_net_weight u_isp_top/u_edge_detect_96/ramread0_syn_81 50"
RUN-1002 : start command "set_net_weight u_isp_top/u_edge_detect_96/ramread0_syn_82 50"
RUN-1002 : start command "set_net_weight u_isp_top/u_edge_detect_96/ramread0_syn_83 50"
RUN-1002 : start command "set_net_weight u_isp_top/u_edge_detect_96/ramread0_syn_84 50"
RUN-1002 : start command "set_net_weight u_isp_top/u_edge_detect_96/ramread0_syn_85 50"
RUN-1002 : start command "set_net_weight u_isp_top/u_edge_detect_96/ramread0_syn_86 50"
RUN-1002 : start command "set_net_weight u_isp_top/u_edge_detect_96/ramread0_syn_87 50"
RUN-1002 : start command "set_net_weight u_isp_top/u_edge_detect_96/ramread0_syn_88 50"
RUN-1002 : start command "set_net_weight u_isp_top/u_edge_detect_96/ramread0_syn_89 50"
RUN-1002 : start command "set_net_weight u_isp_top/u_edge_detect_96/ramread0_syn_90 50"
RUN-1002 : start command "set_net_weight u_isp_top/u_edge_detect_96/ramread0_syn_91 50"
RUN-1002 : start command "set_net_weight u_isp_top/u_edge_detect_96/ramread0_syn_92 50"
RUN-1002 : start command "set_net_weight u_isp_top/u_edge_detect_96/ramread0_syn_93 50"
RUN-1002 : start command "set_net_weight u_isp_top/u_edge_detect_96/ramread0_syn_94 50"
RUN-1002 : start command "set_net_weight u_isp_top/u_edge_detect_96/ramread0_syn_95 50"
RUN-1002 : start command "set_net_weight u_isp_top/u_edge_detect_96/ramread0_syn_96 50"
RUN-1002 : start command "set_net_weight u_isp_top/u_edge_detect_96/ramread0_syn_97 50"
RUN-1002 : start command "set_net_weight u_isp_top/u_edge_detect_96/ramread0_syn_98 50"
RUN-1002 : start command "set_net_weight u_isp_top/u_edge_detect_96/ramread0_syn_99 50"
RUN-1002 : start command "set_net_weight u_isp_top/u_edge_detect_96/ramread0_syn_100 50"
RUN-1002 : start command "set_net_weight u_isp_top/u_edge_detect_96/ramread0_syn_101 50"
RUN-1002 : start command "set_net_weight u_isp_top/u_edge_detect_96/ramread0_syn_102 50"
RUN-1002 : start command "set_net_weight u_isp_top/u_edge_detect_96/ramread0_syn_103 50"
RUN-1002 : start command "set_net_weight u_isp_top/u_edge_detect_96/ramread0_syn_104 50"
RUN-1002 : start command "set_net_weight u_isp_top/u_edge_detect_96/ramread0_syn_105 50"
RUN-1002 : start command "set_net_weight u_isp_top/u_edge_detect_96/ramread0_syn_106 50"
RUN-1002 : start command "set_net_weight u_isp_top/u_edge_detect_96/ramread0_syn_107 50"
RUN-1002 : start command "set_net_weight u_isp_top/u_edge_detect_96/ramread0_syn_108 50"
RUN-1002 : start command "set_net_weight u_isp_top/u_edge_detect_96/ramread0_syn_109 50"
RUN-1002 : start command "set_net_weight u_isp_top/u_edge_detect_96/ramread0_syn_110 50"
RUN-1002 : start command "set_net_weight u_isp_top/u_edge_detect_96/ramread0_syn_111 50"
RUN-1002 : start command "set_net_weight u_isp_top/u_edge_detect_96/ramread0_syn_112 50"
RUN-1002 : start command "set_net_weight u_isp_top/u_edge_detect_96/ramread0_syn_113 50"
RUN-1002 : start command "set_net_weight u_isp_top/u_edge_detect_96/ramread0_syn_114 50"
RUN-1002 : start command "set_net_weight u_isp_top/u_edge_detect_96/ramread0_syn_115 50"
RUN-1002 : start command "set_net_weight u_isp_top/u_edge_detect_96/ramread0_syn_116 50"
RUN-1002 : start command "set_net_weight u_isp_top/u_edge_detect_96/ramread0_syn_117 50"
RUN-1002 : start command "set_net_weight u_isp_top/u_edge_detect_96/ramread0_syn_118 50"
RUN-1002 : start command "set_net_weight u_isp_top/u_edge_detect_96/ramread0_syn_119 50"
RUN-1002 : start command "set_net_weight u_isp_top/u_edge_detect_96/ramread0_syn_120 50"
RUN-1002 : start command "set_net_weight u_isp_top/u_edge_detect_96/ramread0_syn_121 50"
RUN-1002 : start command "set_net_weight u_isp_top/u_edge_detect_96/ramread0_syn_122 50"
RUN-1002 : start command "set_net_weight u_isp_top/u_edge_detect_96/ramread0_syn_123 50"
RUN-1002 : start command "set_net_weight u_isp_top/u_edge_detect_96/ramread0_syn_124 50"
RUN-1002 : start command "set_net_weight u_isp_top/u_edge_detect_96/ramread0_syn_125 50"
RUN-1002 : start command "set_net_weight u_isp_top/u_edge_detect_96/ramread0_syn_126 50"
RUN-1002 : start command "set_net_weight u_isp_top/u_edge_detect_96/ramread0_syn_127 50"
RUN-1002 : start command "set_net_weight u_isp_top/u_edge_detect_96/ramread0_syn_128 50"
RUN-1002 : start command "set_net_weight u_isp_top/u_edge_detect_96/ramread0_syn_129 50"
RUN-1002 : start command "set_net_weight u_isp_top/u_edge_detect_96/ramread0_syn_130 50"
RUN-1002 : start command "set_net_weight u_isp_top/u_edge_detect_96/ramread0_syn_131 50"
RUN-1002 : start command "set_net_weight u_isp_top/u_edge_detect_96/ramread0_syn_132 50"
RUN-1002 : start command "set_net_weight u_isp_top/u_edge_detect_96/ramread0_syn_133 50"
RUN-1002 : start command "set_net_weight u_isp_top/u_edge_detect_96/ramread0_syn_134 50"
RUN-1002 : start command "set_net_weight u_isp_top/u_edge_detect_96/ramread0_syn_135 50"
RUN-1002 : start command "set_net_weight u_isp_top/u_edge_detect_96/ramread0_syn_136 50"
RUN-1002 : start command "set_net_weight u_isp_top/u_edge_detect_96/ramread0_syn_137 50"
RUN-1002 : start command "set_net_weight u_isp_top/u_edge_detect_96/ramread0_syn_138 50"
RUN-1002 : start command "set_net_weight u_isp_top/u_edge_detect_96/ramread0_syn_139 50"
RUN-1002 : start command "set_net_weight u_isp_top/u_edge_detect_96/ramread0_syn_140 50"
RUN-1002 : start command "set_net_weight u_isp_top/u_edge_detect_96/ramread0_syn_141 50"
RUN-1002 : start command "set_net_weight u_isp_top/u_edge_detect_96/ramread0_syn_142 50"
RUN-1002 : start command "set_net_weight u_isp_top/u_edge_detect_96/ramread0_syn_143 50"
RUN-1002 : start command "set_net_weight u_isp_top/u_edge_detect_96/ramread0_syn_144 50"
RUN-1002 : start command "set_net_weight u_isp_top/u_edge_detect_96/ramread0_syn_145 50"
RUN-1002 : start command "set_net_weight u_isp_top/u_edge_detect_96/ramread0_syn_146 50"
RUN-1002 : start command "set_net_weight u_isp_top/u_edge_detect_96/ramread0_syn_147 50"
RUN-1002 : start command "set_net_weight u_isp_top/u_edge_detect_96/ramread0_syn_148 50"
RUN-1002 : start command "set_net_weight u_isp_top/u_edge_detect_96/ramread0_syn_149 50"
RUN-1002 : start command "set_net_weight u_isp_top/u_edge_detect_96/ramread0_syn_150 50"
RUN-1002 : start command "set_net_weight u_isp_top/u_edge_detect_96/ramread0_syn_151 50"
RUN-1002 : start command "set_net_weight u_isp_top/u_edge_detect_96/ramread0_syn_152 50"
RUN-1002 : start command "set_net_weight u_isp_top/u_edge_detect_96/ramread0_syn_153 50"
RUN-1002 : start command "set_net_weight u_isp_top/u_edge_detect_96/ramread0_syn_154 50"
RUN-1002 : start command "set_net_weight u_isp_top/u_edge_detect_96/ramread0_syn_155 50"
RUN-1002 : start command "set_net_weight u_isp_top/u_edge_detect_96/ramread0_syn_156 50"
RUN-1002 : start command "set_net_weight u_isp_top/u_edge_detect_96/ramread0_syn_157 50"
RUN-1002 : start command "set_net_weight u_isp_top/u_edge_detect_96/ramread0_syn_158 50"
RUN-1002 : start command "set_net_weight u_isp_top/u_edge_detect_96/ramread0_syn_159 50"
RUN-1002 : start command "set_net_weight u_isp_top/u_edge_detect_96/ramread0_syn_160 50"
RUN-1002 : start command "set_net_weight u_isp_top/u_edge_detect_96/ramread0_syn_161 50"
RUN-1002 : start command "set_net_weight u_isp_top/u_edge_detect_96/ramread0_syn_162 50"
RUN-1002 : start command "set_net_weight u_isp_top/u_edge_detect_96/ramread0_syn_163 50"
RUN-1002 : start command "set_net_weight u_isp_top/u_edge_detect_96/ramread0_syn_164 50"
RUN-1002 : start command "set_net_weight u_isp_top/u_edge_detect_96/ramread0_syn_165 50"
RUN-1002 : start command "set_net_weight u_isp_top/u_edge_detect_96/ramread0_syn_166 50"
RUN-1002 : start command "set_net_weight u_isp_top/u_edge_detect_96/ramread0_syn_167 50"
RUN-1002 : start command "set_net_weight u_isp_top/u_edge_detect_96/ramread0_syn_168 50"
RUN-1002 : start command "set_net_weight u_isp_top/u_edge_detect_96/ramread0_syn_169 50"
RUN-1002 : start command "set_net_weight u_isp_top/u_edge_detect_96/ramread0_syn_170 50"
RUN-1002 : start command "set_net_weight u_isp_top/u_edge_detect_96/ramread0_syn_171 50"
RUN-1002 : start command "set_net_weight u_isp_top/u_edge_detect_96/ramread0_syn_172 50"
RUN-1002 : start command "set_net_weight u_isp_top/u_edge_detect_96/ramread0_syn_177 50"
RUN-1002 : start command "set_net_weight u_isp_top/u_edge_detect_96/ramread0_syn_178 50"
RUN-1002 : start command "set_net_weight u_isp_top/u_edge_detect_96/ramread0_syn_179 50"
RUN-1002 : start command "set_net_weight u_isp_top/u_edge_detect_96/ramread0_syn_180 50"
RUN-1002 : start command "set_net_weight u_isp_top/u_edge_detect_96/ramread0_syn_185 50"
RUN-1002 : start command "set_net_weight u_isp_top/u_edge_detect_96/ramread0_syn_186 50"
RUN-1002 : start command "set_net_weight u_isp_top/u_edge_detect_96/ramread0_syn_187 50"
RUN-1002 : start command "set_net_weight u_isp_top/u_edge_detect_96/ramread0_syn_188 50"
RUN-1002 : start command "set_net_weight u_isp_top/u_edge_detect_96/ramread0_syn_189 50"
RUN-1002 : start command "set_net_weight u_isp_top/u_edge_detect_96/ramread0_syn_190 50"
RUN-1002 : start command "set_net_weight u_isp_top/u_edge_detect_96/ramread0_syn_191 50"
RUN-1002 : start command "set_net_weight u_isp_top/u_edge_detect_96/ramread0_syn_192 50"
RUN-1002 : start command "set_net_weight u_isp_top/u_edge_detect_96/ramread0_syn_193 50"
RUN-1002 : start command "set_net_weight u_isp_top/u_edge_detect_96/ramread0_syn_194 50"
RUN-1002 : start command "set_net_weight u_isp_top/u_edge_detect_96/ramread0_syn_195 50"
RUN-1002 : start command "set_net_weight u_isp_top/u_edge_detect_96/ramread0_syn_196 50"
RUN-1002 : start command "set_net_weight u_isp_top/u_edge_detect_96/ramread0_syn_197 50"
RUN-1002 : start command "set_net_weight u_isp_top/u_edge_detect_96/ramread0_syn_198 50"
RUN-1002 : start command "set_net_weight u_isp_top/u_edge_detect_96/ramread0_syn_199 50"
RUN-1002 : start command "set_net_weight u_isp_top/u_edge_detect_96/ramread0_syn_200 50"
RUN-1002 : start command "set_net_weight u_isp_top/u_edge_detect_96/ramread0_syn_201 50"
RUN-1002 : start command "set_net_weight u_isp_top/u_edge_detect_96/ramread0_syn_202 50"
RUN-1002 : start command "set_net_weight u_isp_top/u_edge_detect_96/ramread0_syn_203 50"
RUN-1002 : start command "set_net_weight u_isp_top/u_edge_detect_96/ramread0_syn_204 50"
RUN-1002 : start command "set_net_weight u_isp_top/u_edge_detect_96/ramread0_syn_205 50"
RUN-1002 : start command "set_net_weight u_isp_top/u_edge_detect_96/ramread0_syn_206 50"
RUN-1002 : start command "set_net_weight u_isp_top/u_edge_detect_96/ramread0_syn_207 50"
RUN-1002 : start command "set_net_weight u_isp_top/u_edge_detect_96/ramread0_syn_208 50"
RUN-1002 : start command "set_net_weight u_isp_top/u_edge_detect_96/ramread0_syn_209 50"
RUN-1002 : start command "set_net_weight u_isp_top/u_edge_detect_96/ramread0_syn_210 50"
RUN-1002 : start command "set_net_weight u_isp_top/u_edge_detect_96/ramread0_syn_211 50"
RUN-1002 : start command "set_net_weight u_isp_top/u_edge_detect_96/ramread0_syn_212 50"
RUN-1002 : start command "set_net_weight u_isp_top/u_edge_detect_96/ramread0_syn_213 50"
RUN-1002 : start command "set_net_weight u_isp_top/u_edge_detect_96/ramread0_syn_214 50"
RUN-1002 : start command "set_net_weight u_isp_top/u_edge_detect_96/ramread0_syn_215 50"
RUN-1002 : start command "set_net_weight u_isp_top/u_edge_detect_96/ramread0_syn_216 50"
RUN-1002 : start command "set_net_weight u_isp_top/u_edge_detect_96/ramread0_syn_217 50"
RUN-1002 : start command "set_net_weight u_isp_top/u_edge_detect_96/ramread0_syn_218 50"
RUN-1002 : start command "set_net_weight u_isp_top/u_edge_detect_96/ramread0_syn_219 50"
RUN-1002 : start command "set_net_weight u_isp_top/u_edge_detect_96/ramread0_syn_220 50"
RUN-1002 : start command "set_net_weight u_isp_top/u_edge_detect_96/ramread0_syn_221 50"
RUN-1002 : start command "set_net_weight u_isp_top/u_edge_detect_96/ramread0_syn_222 50"
RUN-1002 : start command "set_net_weight u_isp_top/u_edge_detect_96/ramread0_syn_223 50"
RUN-1002 : start command "set_net_weight u_isp_top/u_edge_detect_96/ramread0_syn_224 50"
RUN-1002 : start command "set_net_weight u_isp_top/u_edge_detect_96/ramread0_syn_225 50"
RUN-1002 : start command "set_net_weight u_isp_top/u_edge_detect_96/ramread0_syn_226 50"
RUN-1002 : start command "set_net_weight u_isp_top/u_edge_detect_96/ramread0_syn_227 50"
RUN-1002 : start command "set_net_weight u_isp_top/u_edge_detect_96/ramread0_syn_228 50"
RUN-1002 : start command "set_net_weight u_isp_top/u_edge_detect_96/ramread0_syn_229 50"
RUN-1002 : start command "set_net_weight u_isp_top/u_edge_detect_96/ramread0_syn_230 50"
RUN-1002 : start command "set_net_weight u_isp_top/u_edge_detect_96/ramread0_syn_231 50"
RUN-1002 : start command "set_net_weight u_isp_top/u_edge_detect_96/ramread0_syn_232 50"
RUN-1002 : start command "set_net_weight u_isp_top/u_edge_detect_96/ramread0_syn_233 50"
RUN-1002 : start command "set_net_weight u_isp_top/u_edge_detect_96/ramread0_syn_234 50"
RUN-1002 : start command "set_net_weight u_isp_top/u_edge_detect_96/ramread0_syn_235 50"
RUN-1002 : start command "set_net_weight u_isp_top/u_edge_detect_96/ramread0_syn_236 50"
RUN-1002 : start command "set_net_weight u_isp_top/u_edge_detect_96/ramread0_syn_237 50"
RUN-1002 : start command "set_net_weight u_isp_top/u_edge_detect_96/ramread0_syn_238 50"
RUN-1002 : start command "set_net_weight u_isp_top/u_edge_detect_96/ramread0_syn_239 50"
RUN-1002 : start command "set_net_weight u_isp_top/u_edge_detect_96/ramread0_syn_240 50"
RUN-1002 : start command "set_net_weight u_isp_top/u_edge_detect_96/ramread0_syn_241 50"
RUN-1002 : start command "set_net_weight u_isp_top/u_edge_detect_96/ramread0_syn_242 50"
RUN-1002 : start command "set_net_weight u_isp_top/u_edge_detect_96/ramread0_syn_243 50"
RUN-1002 : start command "set_net_weight u_isp_top/u_edge_detect_96/ramread0_syn_244 50"
RUN-1002 : start command "set_net_weight u_isp_top/u_edge_detect_96/ramread0_syn_245 50"
RUN-1002 : start command "set_net_weight u_isp_top/u_edge_detect_96/ramread0_syn_246 50"
RUN-1002 : start command "set_net_weight u_isp_top/u_edge_detect_96/ramread0_syn_247 50"
RUN-1002 : start command "set_net_weight u_isp_top/u_edge_detect_96/ramread0_syn_248 50"
RUN-1002 : start command "set_net_weight u_isp_top/u_edge_detect_96/ramread0_syn_249 50"
RUN-1002 : start command "set_net_weight u_isp_top/u_edge_detect_96/ramread0_syn_250 50"
RUN-1002 : start command "set_net_weight u_isp_top/u_edge_detect_96/ramread0_syn_251 50"
RUN-1002 : start command "set_net_weight u_isp_top/u_edge_detect_96/ramread0_syn_252 50"
RUN-1002 : start command "set_net_weight u_isp_top/u_edge_detect_96/ramread0_syn_253 50"
RUN-1002 : start command "set_net_weight u_isp_top/u_edge_detect_96/ramread0_syn_254 50"
RUN-1002 : start command "set_net_weight u_isp_top/u_edge_detect_96/ramread0_syn_255 50"
RUN-1002 : start command "set_net_weight u_isp_top/u_edge_detect_96/ramread0_syn_256 50"
RUN-1002 : start command "set_net_weight u_isp_top/u_edge_detect_96/ramread0_syn_257 50"
RUN-1002 : start command "set_net_weight u_isp_top/u_edge_detect_96/ramread0_syn_258 50"
RUN-1002 : start command "set_net_weight u_isp_top/u_edge_detect_96/ramread0_syn_259 50"
RUN-1002 : start command "set_net_weight u_isp_top/u_edge_detect_96/ramread0_syn_260 50"
RUN-1002 : start command "set_net_weight u_isp_top/u_edge_detect_96/ramread0_syn_261 50"
RUN-1002 : start command "set_net_weight u_isp_top/u_edge_detect_96/ramread0_syn_262 50"
RUN-1002 : start command "set_net_weight u_isp_top/u_edge_detect_96/ramread0_syn_263 50"
RUN-1002 : start command "set_net_weight u_isp_top/u_edge_detect_96/ramread0_syn_264 50"
RUN-1002 : start command "set_net_weight u_isp_top/u_edge_detect_96/ramread0_syn_265 50"
RUN-1002 : start command "set_net_weight u_isp_top/u_edge_detect_96/ramread0_syn_266 50"
RUN-1002 : start command "set_net_weight u_isp_top/u_edge_detect_96/ramread0_syn_267 50"
RUN-1002 : start command "set_net_weight u_isp_top/u_edge_detect_96/ramread0_syn_268 50"
RUN-1002 : start command "set_net_weight u_isp_top/u_edge_detect_96/ramread0_syn_269 50"
RUN-1002 : start command "set_net_weight u_isp_top/u_edge_detect_96/ramread0_syn_270 50"
RUN-1002 : start command "set_net_weight u_isp_top/u_edge_detect_96/ramread0_syn_271 50"
RUN-1002 : start command "set_net_weight u_isp_top/u_edge_detect_96/ramread0_syn_272 50"
RUN-1002 : start command "set_net_weight u_isp_top/u_edge_detect_96/ramread0_syn_273 50"
RUN-1002 : start command "set_net_weight u_isp_top/u_edge_detect_96/ramread0_syn_274 50"
RUN-1002 : start command "set_net_weight u_isp_top/u_edge_detect_96/ramread0_syn_275 50"
RUN-1002 : start command "set_net_weight u_isp_top/u_edge_detect_96/ramread0_syn_276 50"
RUN-1002 : start command "set_net_weight u_isp_top/u_edge_detect_96/ramread0_syn_277 50"
RUN-1002 : start command "set_net_weight u_isp_top/u_edge_detect_96/ramread0_syn_278 50"
RUN-1002 : start command "set_net_weight u_isp_top/u_edge_detect_96/ramread0_syn_279 50"
RUN-1002 : start command "set_net_weight u_isp_top/u_edge_detect_96/ramread0_syn_280 50"
RUN-1002 : start command "set_net_weight u_isp_top/u_edge_detect_96/ramread0_syn_281 50"
RUN-1002 : start command "set_net_weight u_isp_top/u_edge_detect_96/ramread0_syn_282 50"
RUN-1002 : start command "set_net_weight u_isp_top/u_edge_detect_96/ramread0_syn_283 50"
RUN-1002 : start command "set_net_weight u_isp_top/u_edge_detect_96/ramread0_syn_284 50"
RUN-1002 : start command "set_net_weight u_isp_top/u_edge_detect_96/ramread0_syn_285 50"
RUN-1002 : start command "set_net_weight u_isp_top/u_edge_detect_96/ramread0_syn_286 50"
RUN-1002 : start command "set_net_weight u_isp_top/u_edge_detect_96/ramread0_syn_287 50"
RUN-1002 : start command "set_net_weight u_isp_top/u_edge_detect_96/ramread0_syn_288 50"
RUN-1002 : start command "set_net_weight u_isp_top/u_edge_detect_96/ramread0_syn_289 50"
RUN-1002 : start command "set_net_weight u_isp_top/u_edge_detect_96/ramread0_syn_290 50"
RUN-1002 : start command "set_net_weight u_isp_top/u_edge_detect_96/ramread0_syn_291 50"
RUN-1002 : start command "set_net_weight u_isp_top/u_edge_detect_96/ramread0_syn_292 50"
RUN-1002 : start command "set_net_weight u_isp_top/u_edge_detect_96/ramread0_syn_293 50"
RUN-1002 : start command "set_net_weight u_isp_top/u_edge_detect_96/ramread0_syn_294 50"
RUN-1002 : start command "set_net_weight u_isp_top/u_edge_detect_96/ramread0_syn_295 50"
RUN-1002 : start command "set_net_weight u_isp_top/u_edge_detect_96/ramread0_syn_296 50"
RUN-1002 : start command "set_net_weight u_isp_top/u_edge_detect_96/ramread0_syn_297 50"
RUN-1002 : start command "set_net_weight u_isp_top/u_edge_detect_96/ramread0_syn_298 50"
RUN-1002 : start command "set_net_weight u_isp_top/u_edge_detect_96/ramread0_syn_299 50"
RUN-1002 : start command "set_net_weight u_isp_top/u_edge_detect_96/ramread0_syn_300 50"
RUN-1002 : start command "set_net_weight u_isp_top/u_edge_detect_96/ramread0_syn_305 50"
RUN-1002 : start command "set_net_weight u_isp_top/u_edge_detect_96/ramread0_syn_306 50"
RUN-1002 : start command "set_net_weight u_isp_top/u_edge_detect_96/ramread0_syn_307 50"
RUN-1002 : start command "set_net_weight u_isp_top/u_edge_detect_96/ramread0_syn_308 50"
OPT-1001 : End remap optimization;  4.864795s wall, 4.718750s user + 0.078125s system = 4.796875s CPU (98.6%)

OPT-1001 : End Stage 1.2.3 | Merge Lut; Time: 5.977926s wall, 5.781250s user + 0.078125s system = 5.859375s CPU (98.0%); Memory(MB): used = 746, reserved = 738, peak = 746;

OPT-1001 : Stage 1.2.4 | Synthesize High-fanout Net
OPT-1001 : Start high-fanout net optimization in pre-place flow with medium effort ...
RUN-1001 : HFN opt statistic
RUN-1001 : ------------------------------------------------------
RUN-1001 :   DriverCell type  |  HFN count  |  Duplicated count  
RUN-1001 : ------------------------------------------------------
RUN-1001 :       LSLICE       |      0      |         0          
RUN-1001 :       MSLICE       |      0      |         0          
RUN-1001 :        TOTAL       |      0      |         0          
RUN-1001 : ------------------------------------------------------
OPT-1001 : End high-fanout net optimization;  0.000207s wall, 0.000000s user + 0.000000s system = 0.000000s CPU (n/a%)

OPT-1001 : Current memory(MB): used = 746, reserved = 738, peak = 746.
OPT-1001 : End Stage 1.2.4 | Synthesize High-fanout Net; Time: 0.000512s wall, 0.000000s user + 0.000000s system = 0.000000s CPU (n/a%); Memory(MB): used = 746, reserved = 738, peak = 746;

OPT-1001 : End physical optimization;  6.019470s wall, 5.828125s user + 0.078125s system = 5.906250s CPU (98.1%)

PHY-1001 : End Stage 1.2 | Optimize Design; Time: 6.019541s wall, 5.828125s user + 0.078125s system = 5.906250s CPU (98.1%); Memory(MB): used = 746, reserved = 738, peak = 746;

PHY-1001 : Stage 1.3 | Initialize Clock
PHY-1001 : Start to synthesize physical clock networks.
PHY-5060 CRITICAL-WARNING: Clock net candidate u_uicfgcs520/u_i2c/scl_clk has mixed fanouts of 1 clock pins; 2 data/ctrl pins. Please check connection of the net in design.
PHY-5060 CRITICAL-WARNING: Clock net candidate O_cam_24m_syn_3 has mixed fanouts of 117 clock pins; 1 data/ctrl pins. Please check connection of the net in design.
PHY-1001 : Populate physical database on model design_top_wrapper.
RUN-1001 : There are total 20274 instances
RUN-0007 : 10417 luts, 7865 seqs, 568 mslices, 1164 lslices, 53 pads, 39 brams, 13 dsps
RUN-1001 : There are total 26995 nets
RUN-1001 : 19151 nets have 2 pins
RUN-1001 : 5094 nets have [3 - 5] pins
RUN-1001 : 1977 nets have [6 - 10] pins
RUN-1001 : 477 nets have [11 - 20] pins
RUN-1001 : 218 nets have [21 - 99] pins
RUN-1001 : 78 nets have 100+ pins
PHY-1001 : Start to check user instance location assignments; please refer to ADC constraint.
PHY-1001 : End Stage 1.3 | Initialize Clock; Time: 0.078223s wall, 0.078125s user + 0.000000s system = 0.078125s CPU (99.9%); Memory(MB): used = 746, reserved = 738, peak = 746;

PHY-1001 : End Stage 1 | Initialize Design; Time: 6.324683s wall, 6.109375s user + 0.078125s system = 6.187500s CPU (97.8%); Memory(MB): used = 746, reserved = 738, peak = 746;

PHY-1001 : Stage 2 | Global Placement
RUN-1001 : Report Control nets information:
RUN-1001 : DFF Distribution
RUN-1001 : -------------------------------------
RUN-1001 :   CE   |  SSR  |  ASR  |  DFF Count  
RUN-1001 : -------------------------------------
RUN-1001 :   No   |  No   |  No   |    1171     
RUN-1001 :   No   |  No   |  Yes  |    3514     
RUN-1001 :   No   |  Yes  |  No   |     345     
RUN-1001 :   Yes  |  No   |  No   |     440     
RUN-1001 :   Yes  |  No   |  Yes  |    2314     
RUN-1001 :   Yes  |  Yes  |  No   |     113     
RUN-1001 : -------------------------------------
RUN-1001 : Control Group Statistic
RUN-1001 : -----------------------------
RUN-1001 :   #CLK  |  #CE  |  #SSR/ASR  
RUN-1001 : -----------------------------
RUN-1001 :    9    |  124  |     27     
RUN-1001 : -----------------------------
RUN-0007 : Control Set = 161
PHY-1001 : Stage 2.1 | Place Fixed Instances
PHY-1001 : Processing 2 clock pins of DDR instance u_ph1p35_324_ddr_wrapper/u_ddr2/ph1p_ddrmc_wrapper/ph1p_ddrmc_top/u_ddr_phy/u_ddrphy_top/u_ddrphy/ac_byte[0]$ac_byte_used$u_ddrphy_ac_byte_wrapper/u_ddrphy_byte, location = x0y70z0.
PHY-1001 :   User location X0Y59Z1 of ioclk instance u_ph1p35_324_ddr_wrapper/u_ddr2/ph1p_ddrmc_wrapper/ph1p_ddrmc_top/u_ddr_phy/u_ddrphy_top/u_ddrphy_clk/ioclk[0]$u_ioclk_1.
PHY-1001 :   Placement of ioclk instance u_ph1p35_324_ddr_wrapper/u_ddr2/ph1p_ddrmc_wrapper/ph1p_ddrmc_top/u_ddr_phy/u_ddrphy_top/u_ddrphy_clk/ioclk[0]$u_ioclk_1; location = x0y59z1.
PHY-1001 :   User location X0Y59Z0 of ioclk instance u_ph1p35_324_ddr_wrapper/u_ddr2/ph1p_ddrmc_wrapper/ph1p_ddrmc_top/u_ddr_phy/u_ddrphy_top/u_ddrphy_clk/ioclk[0]$u_ioclk_0.
PHY-1001 :   Placement of ioclk instance u_ph1p35_324_ddr_wrapper/u_ddr2/ph1p_ddrmc_wrapper/ph1p_ddrmc_top/u_ddr_phy/u_ddrphy_top/u_ddrphy_clk/ioclk[0]$u_ioclk_0; location = x0y59z0.
PHY-1001 : Processing 2 clock pins of DDR instance u_ph1p35_324_ddr_wrapper/u_ddr2/ph1p_ddrmc_wrapper/ph1p_ddrmc_top/u_ddr_phy/u_ddrphy_top/u_ddrphy/ac_byte[1]$ac_byte_used$u_ddrphy_ac_byte_wrapper/u_ddrphy_byte, location = x0y60z0.
PHY-1001 :   Placed ioclk instance u_ph1p35_324_ddr_wrapper/u_ddr2/ph1p_ddrmc_wrapper/ph1p_ddrmc_top/u_ddr_phy/u_ddrphy_top/u_ddrphy_clk/ioclk[0]$u_ioclk_1, location = x0y59z1.
PHY-1001 :   Placed ioclk instance u_ph1p35_324_ddr_wrapper/u_ddr2/ph1p_ddrmc_wrapper/ph1p_ddrmc_top/u_ddr_phy/u_ddrphy_top/u_ddrphy_clk/ioclk[0]$u_ioclk_0, location = x0y59z0.
PHY-1001 : Processing 2 clock pins of DDR instance u_ph1p35_324_ddr_wrapper/u_ddr2/ph1p_ddrmc_wrapper/ph1p_ddrmc_top/u_ddr_phy/u_ddrphy_top/u_ddrphy/ac_byte[2]$ac_byte_used$u_ddrphy_ac_byte_wrapper/u_ddrphy_byte, location = x0y50z0.
PHY-1001 :   Placed ioclk instance u_ph1p35_324_ddr_wrapper/u_ddr2/ph1p_ddrmc_wrapper/ph1p_ddrmc_top/u_ddr_phy/u_ddrphy_top/u_ddrphy_clk/ioclk[0]$u_ioclk_1, location = x0y59z1.
PHY-1001 :   Placed ioclk instance u_ph1p35_324_ddr_wrapper/u_ddr2/ph1p_ddrmc_wrapper/ph1p_ddrmc_top/u_ddr_phy/u_ddrphy_top/u_ddrphy_clk/ioclk[0]$u_ioclk_0, location = x0y59z0.
PHY-1001 : Processing 2 clock pins of DDR instance u_ph1p35_324_ddr_wrapper/u_ddr2/ph1p_ddrmc_wrapper/ph1p_ddrmc_top/u_ddr_phy/u_ddrphy_top/u_ddrphy/ac_byte[3]$ac_byte_used$u_ddrphy_ac_byte_wrapper/u_ddrphy_byte, location = x0y40z0.
PHY-1001 :   Placed ioclk instance u_ph1p35_324_ddr_wrapper/u_ddr2/ph1p_ddrmc_wrapper/ph1p_ddrmc_top/u_ddr_phy/u_ddrphy_top/u_ddrphy_clk/ioclk[0]$u_ioclk_1, location = x0y59z1.
PHY-1001 :   Placed ioclk instance u_ph1p35_324_ddr_wrapper/u_ddr2/ph1p_ddrmc_wrapper/ph1p_ddrmc_top/u_ddr_phy/u_ddrphy_top/u_ddrphy_clk/ioclk[0]$u_ioclk_0, location = x0y59z0.
PHY-1001 : Processing 2 clock pins of DDR instance u_ph1p35_324_ddr_wrapper/u_ddr2/ph1p_ddrmc_wrapper/ph1p_ddrmc_top/u_ddr_phy/u_ddrphy_top/u_ddrphy/dx_byte[0]$dx_byte_used$u_ddrphy_dx_byte_wrapper/u_ddrphy_byte, location = x0y30z0.
PHY-1001 :   User location X0Y19Z1 of ioclk instance u_ph1p35_324_ddr_wrapper/u_ddr2/ph1p_ddrmc_wrapper/ph1p_ddrmc_top/u_ddr_phy/u_ddrphy_top/u_ddrphy_clk/ioclk[1]$u_ioclk_1.
PHY-1001 :   Placement of ioclk instance u_ph1p35_324_ddr_wrapper/u_ddr2/ph1p_ddrmc_wrapper/ph1p_ddrmc_top/u_ddr_phy/u_ddrphy_top/u_ddrphy_clk/ioclk[1]$u_ioclk_1; location = x0y19z1.
PHY-1001 :   User location X0Y19Z0 of ioclk instance u_ph1p35_324_ddr_wrapper/u_ddr2/ph1p_ddrmc_wrapper/ph1p_ddrmc_top/u_ddr_phy/u_ddrphy_top/u_ddrphy_clk/ioclk[1]$u_ioclk_0.
PHY-1001 :   Placement of ioclk instance u_ph1p35_324_ddr_wrapper/u_ddr2/ph1p_ddrmc_wrapper/ph1p_ddrmc_top/u_ddr_phy/u_ddrphy_top/u_ddrphy_clk/ioclk[1]$u_ioclk_0; location = x0y19z0.
PHY-1001 : Processing 2 clock pins of DDR instance u_ph1p35_324_ddr_wrapper/u_ddr2/ph1p_ddrmc_wrapper/ph1p_ddrmc_top/u_ddr_phy/u_ddrphy_top/u_ddrphy/dx_byte[1]$dx_byte_used$u_ddrphy_dx_byte_wrapper/u_ddrphy_byte, location = x0y10z0.
PHY-1001 :   Placed ioclk instance u_ph1p35_324_ddr_wrapper/u_ddr2/ph1p_ddrmc_wrapper/ph1p_ddrmc_top/u_ddr_phy/u_ddrphy_top/u_ddrphy_clk/ioclk[1]$u_ioclk_1, location = x0y19z1.
PHY-1001 :   Placed ioclk instance u_ph1p35_324_ddr_wrapper/u_ddr2/ph1p_ddrmc_wrapper/ph1p_ddrmc_top/u_ddr_phy/u_ddrphy_top/u_ddrphy_clk/ioclk[1]$u_ioclk_0, location = x0y19z0.
PHY-1001 : DDR MLCLK topology u_ph1p35_324_ddr_wrapper/u_ddr2/ph1p_ddrmc_wrapper/ph1p_ddrmc_top/u_ddr_phy/u_ddrphy_top/u_ddrphy_clk/u_mlclk_1.
PHY-1001 :   Driver: PH1P_PHY_PLL_V2 u_ph1p35_324_ddr_wrapper/u_ddr2/ph1p_ddrmc_wrapper/ph1p_ddrmc_top/u_ddr_phy/u_ddrphy_top/u_ddrphy_clk/u_pll0/u_pll_inst.clkc[1], user location :X0Y40Z0.
PHY-1001 :   Sink: PH1P_PHY_IOCLK u_ph1p35_324_ddr_wrapper/u_ddr2/ph1p_ddrmc_wrapper/ph1p_ddrmc_top/u_ddr_phy/u_ddrphy_top/u_ddrphy_clk/ioclk[0]$u_ioclk_0, location = x0y59z0, sectorID = 1.
PHY-1001 :   Sink: PH1P_PHY_IOCLK u_ph1p35_324_ddr_wrapper/u_ddr2/ph1p_ddrmc_wrapper/ph1p_ddrmc_top/u_ddr_phy/u_ddrphy_top/u_ddrphy_clk/ioclk[1]$u_ioclk_0, location = x0y19z0, sectorID = 0.
PHY-1001 : Placement of MLCLK instance u_ph1p35_324_ddr_wrapper/u_ddr2/ph1p_ddrmc_wrapper/ph1p_ddrmc_top/u_ddr_phy/u_ddrphy_top/u_ddrphy_clk/u_mlclk_1; location = x0y59z0,  sectorID = 1.
PHY-1001 : DDR MLCLK topology u_ph1p35_324_ddr_wrapper/u_ddr2/ph1p_ddrmc_wrapper/ph1p_ddrmc_top/u_ddr_phy/u_ddrphy_top/u_ddrphy_clk/u_mlclk_2.
PHY-1001 :   Driver: PH1P_PHY_PLL_V2 u_ph1p35_324_ddr_wrapper/u_ddr2/ph1p_ddrmc_wrapper/ph1p_ddrmc_top/u_ddr_phy/u_ddrphy_top/u_ddrphy_clk/u_pll0/u_pll_inst.clkc[2], user location :X0Y40Z0.
PHY-1001 :   Sink: PH1P_PHY_IOCLK u_ph1p35_324_ddr_wrapper/u_ddr2/ph1p_ddrmc_wrapper/ph1p_ddrmc_top/u_ddr_phy/u_ddrphy_top/u_ddrphy_clk/ioclk[0]$u_ioclk_1, location = x0y59z1, sectorID = 1.
PHY-1001 :   Sink: PH1P_PHY_IOCLK u_ph1p35_324_ddr_wrapper/u_ddr2/ph1p_ddrmc_wrapper/ph1p_ddrmc_top/u_ddr_phy/u_ddrphy_top/u_ddrphy_clk/ioclk[1]$u_ioclk_1, location = x0y19z1, sectorID = 0.
PHY-1001 : Placement of MLCLK instance u_ph1p35_324_ddr_wrapper/u_ddr2/ph1p_ddrmc_wrapper/ph1p_ddrmc_top/u_ddr_phy/u_ddrphy_top/u_ddrphy_clk/u_mlclk_2; location = x0y59z1,  sectorID = 1.
PHY-5016 WARNING: PLL clkc is driving an IO without location.
PHY-5016 WARNING: PLL clkc is not driving a clock-capable IO.
PHY-5016 WARNING: PLL clkc is driving an IO without location.
PHY-5016 WARNING: PLL clkc is not driving a clock-capable IO.
PHY-1001 : End Stage 2.1 | Place Fixed Instances; Time: 0.024429s wall, 0.031250s user + 0.000000s system = 0.031250s CPU (127.9%); Memory(MB): used = 748, reserved = 740, peak = 748;

PHY-1001 : Stage 2.2 | Pre-Place DRC Check
PHY-1001 : Stage 2.2.1 | Force Route Constraint Check
PHY-1001 : Check Pass.
PHY-1001 : End Stage 2.2.1 | Force Route Constraint Check; Time: 0.001045s wall, 0.000000s user + 0.000000s system = 0.000000s CPU (n/a%); Memory(MB): used = 748, reserved = 740, peak = 748;

PHY-1001 : End Stage 2.2 | Pre-Place DRC Check; Time: 0.001091s wall, 0.000000s user + 0.000000s system = 0.000000s CPU (n/a%); Memory(MB): used = 748, reserved = 740, peak = 748;

PHY-1001 : Clock GCLK Statistics:
RUN-1001 : GCLK Index: 
RUN-1001 : -------------------------------------------------------------------------------------------------------------------------------------------------------
RUN-1001 :   Index  |                                                          Clock GCLK                                                           |  Location   
RUN-1001 : -------------------------------------------------------------------------------------------------------------------------------------------------------
RUN-1001 :     1    |   u_ph1p35_324_ddr_wrapper/u_ddr2/ph1p_ddrmc_wrapper/ph1p_ddrmc_top/u_ddr_phy/u_ddrphy_top/u_ddrphy_clk/u_pll1/u_bufg_fbclk   |  x23y39z16  
RUN-1001 :     2    |                           u_mipi_dphy_rx_ph1p_mipiio_wrapper/u_ph1p_mipiio_rx_wrapper/bufg_feedback                           |  x23y39z0   
RUN-1001 :     3    |                                              u_hdmi_mixer/I_clk_created_gclkinst                                              |  x23y39z17  
RUN-1001 :     4    |                                               I_sys_clk_dup_6_created_gclkinst                                                |  x23y39z22  
RUN-1001 :     5    |                                               O_cam_24m_dup_1_created_gclkinst                                                |  x23y39z18  
RUN-1001 :     6    |                          u_hdmi_tx/u_hdmi2phy_wrapper/u0_lane_lvds_8_1/I_serial_clk_created_gclkinst                          |  x23y39z19  
RUN-1001 :     7    |  u_ph1p35_324_ddr_wrapper/u_ddr2/ph1p_ddrmc_wrapper/ph1p_ddrmc_top/u_ddr_phy/u_ddrphy_top/u_ddrphy/apb_pclk_created_gclkinst  |  x23y39z20  
RUN-1001 :     8    |                                          u_uicfgcs520/u_i2c/scl_clk_created_gclkinst                                          |  x23y39z1   
RUN-1001 :     9    |                                                      u_PLL/bufg_feedback                                                      |  x23y39z21  
RUN-1001 : -------------------------------------------------------------------------------------------------------------------------------------------------------
RUN-1001 : Clock Nets Connect To GCLK Statistics: 
RUN-1001 : -----------------------------------------------------------------------------------------------------------------------------------------------------------------------------------------
RUN-1001 :   Index  |                        Leading Net                        |  CLK/DATA/IO/PLL Sink(s)  |                       Following Net                       |  CLK/DATA/IO/PLL Sink(s)  
RUN-1001 : -----------------------------------------------------------------------------------------------------------------------------------------------------------------------------------------
RUN-1001 :     1    | u_ph1p35_324_ddr_wrapper/u_ddr2/ph1p_ddrmc_wrapper/ph...  |          1/0/0/0          | u_ph1p35_324_ddr_wrapper/u_ddr2/ph1p_ddrmc_wrapper/ph...  |        3531/0/0/0         
RUN-1001 :     2    | u_mipi_dphy_rx_ph1p_mipiio_wrapper/u_ph1p_mipiio_rx_w...  |          1/0/0/0          | u_isp_top/u_demosaic/raw_matrix_3x3_buffer_d/zhenghe_...  |        2542/0/0/0         
RUN-1001 :     3    |                    u_hdmi_mixer/I_clk                     |          1/0/0/0          |                u_hdmi_mixer/I_clk_syn_657                 |        1570/0/0/0         
RUN-1001 :     4    |                      I_sys_clk_dup_6                      |          3/0/0/0          |                      I_sys_clk_syn_8                      |         137/0/0/0         
RUN-1001 :     5    |                      O_cam_24m_dup_1                      |          1/0/0/0          |                      O_cam_24m_syn_3                      |         117/1/0/0         
RUN-1001 :     6    | u_hdmi_tx/u_hdmi2phy_wrapper/u0_lane_lvds_8_1/I_seria...  |          1/0/0/0          | u_hdmi_tx/u_hdmi2phy_wrapper/u0_lane_lvds_8_1/I_seria...  |         61/0/0/0          
RUN-1001 :     7    | u_ph1p35_324_ddr_wrapper/u_ddr2/ph1p_ddrmc_wrapper/ph...  |          1/0/0/0          | u_ph1p35_324_ddr_wrapper/u_ddr2/ph1p_ddrmc_wrapper/ph...  |         43/0/0/0          
RUN-1001 :     8    |                u_uicfgcs520/u_i2c/scl_clk                 |          1/2/0/0          |            u_uicfgcs520/u_i2c/scl_clk_syn_105             |         42/0/0/0          
RUN-1001 :     9    |                      u_PLL/clk0_buf                       |          1/0/0/0          | u_mipi_dphy_rx_ph1p_mipiio_wrapper/u_ph1p_mipiio_rx_w...  |         13/0/0/0          
RUN-1001 : -----------------------------------------------------------------------------------------------------------------------------------------------------------------------------------------
PHY-1001 : Stage 2.3 | Global Placement Step 1
PHY-3001 : Target density is 60%
PHY-1001 : Stage 2.3.1 | Update Timing
RUN-1002 : start command "start_timer"
PHY-1001 : SWNS: -7121, STNS: -2390456, FEP: 386
PHY-1001 : End Stage 2.3.1 | Update Timing; Time: 1.202039s wall, 1.109375s user + 0.046875s system = 1.156250s CPU (96.2%); Memory(MB): used = 777, reserved = 769, peak = 777;

PHY-0007 : Cell area utilization is 40%
RUN-1001 : Huge Net Statistic
RUN-1001 : ----------------------------------------------------------------------------------------------------------------------------------------------------------------------------------------
RUN-1001 :   Fanout  |  Slack  |                                                                                Net                                                                                
RUN-1001 : ----------------------------------------------------------------------------------------------------------------------------------------------------------------------------------------
RUN-1001 :    2378   |   Inf   |                                u_ph1p35_324_ddr_wrapper/u_ddr2/ph1p_ddrmc_wrapper/ph1p_ddrmc_top/u_ddr_phy/u_ddrphy_top/sys_rst_n                                 
RUN-1001 :    1472   |  11982  |                                u_ph1p35_324_ddr_wrapper/u_ddr2/ph1p_ddrmc_wrapper/ph1p_ddrmc_top/u_alc_mc_top/u_rbuf_addr_fifo/rst                                
RUN-1001 :    1089   |   Inf   |  u_ph1p35_324_ddr_wrapper/u_ddr2/ph1p_ddrmc_wrapper/ph1p_ddrmc_top/u_ddr_phy/u_ddrphy_top/u_ddrphy/dx_byte[1]$dx_byte_used$u_ddrphy_dx_byte_wrapper/dx_phy_rst_n  
RUN-1001 : ----------------------------------------------------------------------------------------------------------------------------------------------------------------------------------------
PHY-3001 : Clustering ...
PHY-3001 : End clustering;  0.062545s wall, 0.125000s user + 0.046875s system = 0.171875s CPU (274.8%)

PHY-3001 : Target density is 60%
PHY-1001 : Stage 2.3.2 | GP Iteration
PHY-1001 : End Stage 2.3.2 | GP Iteration; Time: 0.881723s wall, 2.546875s user + 1.328125s system = 3.875000s CPU (439.5%); Memory(MB): used = 784, reserved = 776, peak = 784;

PHY-3001 : Multithread accelerating rate: 4.23
RUN-1002 : start command "start_timer"
USR-1002 : Derived clock:  create_generated_clock -name {u_PLL/ph1p_phy_pll_wrapper_25a56e5ce2f9_Inst/u_PH1P_PHY_PLL.clkc[0]} -source [get_ports {I_sys_clk}] -master_clock {sys_clk_50m} -multiply_by 2.0000 -duty_cycle 50.0000 [get_pins {u_PLL/ph1p_phy_pll_wrapper_25a56e5ce2f9_Inst/u_PH1P_PHY_PLL.clkc[0]}]
USR-1002 : Derived clock:  create_generated_clock -name {u_PLL/ph1p_phy_pll_wrapper_25a56e5ce2f9_Inst/u_PH1P_PHY_PLL.clkc[1]} -source [get_ports {I_sys_clk}] -master_clock {sys_clk_50m} -divide_by 2.1000 -duty_cycle 50.0000 [get_pins {u_PLL/ph1p_phy_pll_wrapper_25a56e5ce2f9_Inst/u_PH1P_PHY_PLL.clkc[1]}]
USR-1002 : Derived clock:  create_generated_clock -name {u_PLL/ph1p_phy_pll_wrapper_25a56e5ce2f9_Inst/u_PH1P_PHY_PLL.clkc[4]} -source [get_ports {I_sys_clk}] -master_clock {sys_clk_50m} -multiply_by 1.5000 -duty_cycle 50.0000 [get_pins {u_PLL/ph1p_phy_pll_wrapper_25a56e5ce2f9_Inst/u_PH1P_PHY_PLL.clkc[4]}]
USR-1002 : Derived clock:  create_generated_clock -name {u_PLL/ph1p_phy_pll_wrapper_25a56e5ce2f9_Inst/u_PH1P_PHY_PLL.clkc[5]} -source [get_ports {I_sys_clk}] -master_clock {sys_clk_50m} -multiply_by 7.5000 -duty_cycle 50.0000 [get_pins {u_PLL/ph1p_phy_pll_wrapper_25a56e5ce2f9_Inst/u_PH1P_PHY_PLL.clkc[5]}]
USR-1002 : Derived clock:  create_generated_clock -name {u_ph1p35_324_ddr_wrapper/u_ddr2/ph1p_ddrmc_wrapper/ph1p_ddrmc_top/u_ddr_phy/u_ddrphy_top/u_ddrphy_clk/u_pll0/u_pll_inst.clkc[0]} -source [get_ports {I_sys_clk}] -master_clock {sys_clk_50m} -multiply_by 1.3333 -duty_cycle 50.0000 [get_pins {u_ph1p35_324_ddr_wrapper/u_ddr2/ph1p_ddrmc_wrapper/ph1p_ddrmc_top/u_ddr_phy/u_ddrphy_top/u_ddrphy_clk/u_pll0/u_pll_inst.clkc[0]}]
USR-1002 : Derived clock:  create_generated_clock -name {u_ph1p35_324_ddr_wrapper/u_ddr2/ph1p_ddrmc_wrapper/ph1p_ddrmc_top/u_ddr_phy/u_ddrphy_top/u_ddrphy_clk/u_pll0/u_pll_inst.clkc[1]} -source [get_ports {I_sys_clk}] -master_clock {sys_clk_50m} -multiply_by 1.3333 -duty_cycle 50.0000 [get_pins {u_ph1p35_324_ddr_wrapper/u_ddr2/ph1p_ddrmc_wrapper/ph1p_ddrmc_top/u_ddr_phy/u_ddrphy_top/u_ddrphy_clk/u_pll0/u_pll_inst.clkc[1]}]
USR-1002 : Derived clock:  create_generated_clock -name {u_ph1p35_324_ddr_wrapper/u_ddr2/ph1p_ddrmc_wrapper/ph1p_ddrmc_top/u_ddr_phy/u_ddrphy_top/u_ddrphy_clk/u_pll0/u_pll_inst.clkc[2]} -source [get_ports {I_sys_clk}] -master_clock {sys_clk_50m} -multiply_by 5.3333 -duty_cycle 50.0000 [get_pins {u_ph1p35_324_ddr_wrapper/u_ddr2/ph1p_ddrmc_wrapper/ph1p_ddrmc_top/u_ddr_phy/u_ddrphy_top/u_ddrphy_clk/u_pll0/u_pll_inst.clkc[2]}]
USR-1002 : Derived clock:  create_generated_clock -name {u_ph1p35_324_ddr_wrapper/u_ddr2/ph1p_ddrmc_wrapper/ph1p_ddrmc_top/u_ddr_phy/u_ddrphy_top/u_ddrphy_clk/u_pll0/u_pll_inst.clkc[3]} -source [get_ports {I_sys_clk}] -master_clock {sys_clk_50m} -divide_by 1.9687 -duty_cycle 50.0000 [get_pins {u_ph1p35_324_ddr_wrapper/u_ddr2/ph1p_ddrmc_wrapper/ph1p_ddrmc_top/u_ddr_phy/u_ddrphy_top/u_ddrphy_clk/u_pll0/u_pll_inst.clkc[3]}]
USR-1002 : Derived clock:  create_generated_clock -name {u_ph1p35_324_ddr_wrapper/u_ddr2/ph1p_ddrmc_wrapper/ph1p_ddrmc_top/u_ddr_phy/u_ddrphy_top/u_ddrphy_clk/u_pll1/u_pll_inst.clkc[0]} -source [get_pins {u_ph1p35_324_ddr_wrapper/u_ddr2/ph1p_ddrmc_wrapper/ph1p_ddrmc_top/u_ddr_phy/u_ddrphy_top/u_ddrphy_clk/u_pll0/u_pll_inst.clkc[0]}] -master_clock {u_ph1p35_324_ddr_wrapper/u_ddr2/ph1p_ddrmc_wrapper/ph1p_ddrmc_top/u_ddr_phy/u_ddrphy_top/u_ddrphy_clk/u_pll0/u_pll_inst.clkc[0]} -multiply_by 1.0000 -duty_cycle 50.0000 [get_pins {u_ph1p35_324_ddr_wrapper/u_ddr2/ph1p_ddrmc_wrapper/ph1p_ddrmc_top/u_ddr_phy/u_ddrphy_top/u_ddrphy_clk/u_pll1/u_pll_inst.clkc[0]}]
9.660000
15.000000
15.000000
13.333000
TMR-2502 : Net delay update with mode: Placed
PHY-3001 : No need to merge 9x9 Dsps.
PHY-1001 : Populate physical database on model design_top_wrapper.
PHY-1001 : End Stage 2.3 | Global Placement Step 1; Time: 3.663497s wall, 5.250000s user + 1.453125s system = 6.703125s CPU (183.0%); Memory(MB): used = 829, reserved = 820, peak = 829;

PHY-1001 : Stage 2.4 | RAM/DSP Legalization and Detailed Placement
PHY-1001 : Stage 2.4.1 | Legalization
PHY-3001 : Before Legalized: Len = 792969
PHY-3001 : After Legalized: Len = 802918, Over = 71.875
PHY-1001 : End Stage 2.4.1 | Legalization; Time: 0.711623s wall, 0.687500s user + 0.000000s system = 0.687500s CPU (96.6%); Memory(MB): used = 832, reserved = 823, peak = 832;

PHY-1001 : Stage 2.4.2 | Detailed Placement
PHY-1001 : Stage 2.4.2.1 | Simulated Annealing Based DP
PHY-0007 : Initial: WL Cost = 91212.8, TD Cost = 1.02379e+07, SWNS = -5063, STNS = -1541573, Nums per T = 520, Range Limit = 2x32
PHY-0007 : Finally: WL Cost = 89433.1, TD Cost = 9.8001e+06, WL Ratio = 0.980489, TD Ratio = 0.957241, SWNS = -5043, STNS = -1505629
RUN-1001 : Print Detailed placement's Summary information
RUN-1001 : -------------------------------------------------------------------------------------------------------------------------------
RUN-1001 :             |  Total  |  Accept  |  Reject by overFlow  |  Reject by worseCost  |  Failed by noTarget  |  Failed by gridCheck  
RUN-1001 : -------------------------------------------------------------------------------------------------------------------------------
RUN-1001 :   RAM/DSPs  |  2600   |    51    |          0           |         2549          |          0           |           0           
RUN-1001 :    Macros   |   610   |    16    |          0           |          594          |          0           |           0           
RUN-1001 : -------------------------------------------------------------------------------------------------------------------------------
PHY-1001 : End Stage 2.4.2.1 | Simulated Annealing Based DP; Time: 0.989867s wall, 1.515625s user + 0.156250s system = 1.671875s CPU (168.9%); Memory(MB): used = 834, reserved = 826, peak = 834;

PHY-3001 : End Detailed Place; 
PHY-1001 : End Stage 2.4.2 | Detailed Placement; Time: 1.058262s wall, 1.578125s user + 0.156250s system = 1.734375s CPU (163.9%); Memory(MB): used = 834, reserved = 826, peak = 834;

PHY-1001 : End Stage 2.4 | RAM/DSP Legalization and Detailed Placement; Time: 1.770513s wall, 2.265625s user + 0.156250s system = 2.421875s CPU (136.8%); Memory(MB): used = 834, reserved = 826, peak = 834;

PHY-1001 : Stage 2.5 | Global Placement Step 2
PHY-3001 : Target density is 60%
PHY-1001 : Stage 2.5.1 | Update Timing
PHY-1001 : SWNS: -5043, STNS: -1505629, FEP: 386
PHY-1001 : End Stage 2.5.1 | Update Timing; Time: 0.059819s wall, 0.062500s user + 0.000000s system = 0.062500s CPU (104.5%); Memory(MB): used = 834, reserved = 826, peak = 834;

PHY-1001 : Stage 2.5.2 | Refresh Congestion
RUN-1001 : Generating global routing grids ...
RUN-1001 : Building simple global routing graph ...
PHY-1001 : Generate routing nets ...
PHY-1001 : Reuse net number 0/6414.
PHY-1001 : Global iterations in 20 thread ...
PHY-1002 : len = 884512, over cnt = 1302(1%), over = 7205, worst = 46
PHY-1001 : End global iterations;  0.249229s wall, 0.421875s user + 0.000000s system = 0.421875s CPU (169.3%)

PHY-1001 : Congestion index:
PHY-1001 : top1  = 134.45(S 89.99, N 91.25, E 115.08, W 97.16, I 407.95, O 394.24)
PHY-1001 : top5  = 91.48(S 61.13, N 54.33, E 68.76, W 58.96, I 198.18, O 203.14)
PHY-1001 : top10 = 73.53(S 45.82, N 39.42, E 49.19, W 44.02, I 135.91, O 137.79)
PHY-1001 : top15 = 62.95(S 36.92, N 31.18, E 38.32, W 34.90, I 102.24, O 104.17)
PHY-1001 : End Stage 2.5.2 | Refresh Congestion; Time: 0.487685s wall, 0.640625s user + 0.000000s system = 0.640625s CPU (131.4%); Memory(MB): used = 904, reserved = 895, peak = 904;

PHY-1001 : Stage 2.5.3 | GP Iteration
PHY-1001 : End Stage 2.5.3 | GP Iteration; Time: 2.738208s wall, 15.187500s user + 0.593750s system = 15.781250s CPU (576.3%); Memory(MB): used = 907, reserved = 898, peak = 907;

PHY-3001 : Multithread accelerating rate: 5.74
PHY-1001 : End Stage 2.5 | Global Placement Step 2; Time: 3.865788s wall, 16.468750s user + 0.593750s system = 17.062500s CPU (441.4%); Memory(MB): used = 909, reserved = 900, peak = 909;

PHY-1001 : Stage 2.6 | RAM/DSP Detailed Placement
PHY-1001 : Stage 2.6.1 | Detailed Placement
PHY-1001 : Stage 2.6.1.1 | Simulated Annealing Based DP
PHY-0007 : Initial: WL Cost = 113455, TD Cost = 1.30466e+07, SWNS = -5244, STNS = -1635316, Nums per T = 520, Range Limit = 2x32
PHY-0007 : Finally: WL Cost = 113358, TD Cost = 1.30079e+07, WL Ratio = 0.999148, TD Ratio = 0.997038, SWNS = -5344, STNS = -1630409
RUN-1001 : Print Detailed placement's Summary information
RUN-1001 : -------------------------------------------------------------------------------------------------------------------------------
RUN-1001 :             |  Total  |  Accept  |  Reject by overFlow  |  Reject by worseCost  |  Failed by noTarget  |  Failed by gridCheck  
RUN-1001 : -------------------------------------------------------------------------------------------------------------------------------
RUN-1001 :   RAM/DSPs  |  1560   |    10    |          0           |         1550          |          0           |           0           
RUN-1001 :    Macros   |   410   |    5     |          0           |          405          |          0           |           0           
RUN-1001 : -------------------------------------------------------------------------------------------------------------------------------
PHY-1001 : End Stage 2.6.1.1 | Simulated Annealing Based DP; Time: 0.750974s wall, 0.765625s user + 0.000000s system = 0.765625s CPU (102.0%); Memory(MB): used = 911, reserved = 903, peak = 911;

PHY-3001 : End Detailed Place; 
PHY-1001 : End Stage 2.6.1 | Detailed Placement; Time: 0.818693s wall, 0.828125s user + 0.000000s system = 0.828125s CPU (101.2%); Memory(MB): used = 911, reserved = 903, peak = 911;

PHY-1001 : Stage 2.6.2 | Spreading
OPT-1001 : Total overflow 431.59 peak overflow 10.88
PHY-3001 : Spreading for sector grids.
PHY-3001 : Iter 1, total overflow: 0
PHY-3001 : tot_capacity: 48, usage_cnt: 19, movable_cnt: 35
PHY-3001 : End spreading;  0.024555s wall, 0.015625s user + 0.000000s system = 0.015625s CPU (63.6%)

PHY-1001 : End Stage 2.6.2 | Spreading; Time: 0.024647s wall, 0.015625s user + 0.000000s system = 0.015625s CPU (63.4%); Memory(MB): used = 911, reserved = 903, peak = 911;

PHY-1001 : End Stage 2.6 | RAM/DSP Detailed Placement; Time: 0.951321s wall, 0.953125s user + 0.000000s system = 0.953125s CPU (100.2%); Memory(MB): used = 911, reserved = 903, peak = 911;

PHY-1001 : Stage 2.7 | Optimize Design
OPT-1001 : Start physical optimization ...
OPT-1001 : Total overflow 431.59 peak overflow 10.88
OPT-1001 : Stage 2.7.1 | Synthesize High-fanout Net
OPT-1001 : Start high-fanout net optimization in pre-pack flow with medium effort ...
OPT-1001 : Update timing in Manhattan mode
OPT-1001 : End timing update;  0.722385s wall, 0.687500s user + 0.015625s system = 0.703125s CPU (97.3%)

OPT-1001 : Start: SWNS -5344 STNS -1630409 NUM_FEPS 386
OPT-1001 : Total overflow 431.59 peak overflow 10.88
PHY-1001 : Populate physical database on model design_top_wrapper.
OPT-1001 : 61 high-fanout net processed.
PHY-3001 : Start incremental placement ...
PHY-1001 : Populate physical database on model design_top_wrapper.
PHY-1001 : Processing 2 clock pins of DDR instance u_ph1p35_324_ddr_wrapper/u_ddr2/ph1p_ddrmc_wrapper/ph1p_ddrmc_top/u_ddr_phy/u_ddrphy_top/u_ddrphy/ac_byte[0]$ac_byte_used$u_ddrphy_ac_byte_wrapper/u_ddrphy_byte, location = x0y70z0.
PHY-1001 :   Placed ioclk instance u_ph1p35_324_ddr_wrapper/u_ddr2/ph1p_ddrmc_wrapper/ph1p_ddrmc_top/u_ddr_phy/u_ddrphy_top/u_ddrphy_clk/ioclk[0]$u_ioclk_1, location = x0y59z1.
PHY-1001 :   Placed ioclk instance u_ph1p35_324_ddr_wrapper/u_ddr2/ph1p_ddrmc_wrapper/ph1p_ddrmc_top/u_ddr_phy/u_ddrphy_top/u_ddrphy_clk/ioclk[0]$u_ioclk_0, location = x0y59z0.
PHY-1001 : Processing 2 clock pins of DDR instance u_ph1p35_324_ddr_wrapper/u_ddr2/ph1p_ddrmc_wrapper/ph1p_ddrmc_top/u_ddr_phy/u_ddrphy_top/u_ddrphy/ac_byte[1]$ac_byte_used$u_ddrphy_ac_byte_wrapper/u_ddrphy_byte, location = x0y60z0.
PHY-1001 :   Placed ioclk instance u_ph1p35_324_ddr_wrapper/u_ddr2/ph1p_ddrmc_wrapper/ph1p_ddrmc_top/u_ddr_phy/u_ddrphy_top/u_ddrphy_clk/ioclk[0]$u_ioclk_1, location = x0y59z1.
PHY-1001 :   Placed ioclk instance u_ph1p35_324_ddr_wrapper/u_ddr2/ph1p_ddrmc_wrapper/ph1p_ddrmc_top/u_ddr_phy/u_ddrphy_top/u_ddrphy_clk/ioclk[0]$u_ioclk_0, location = x0y59z0.
PHY-1001 : Processing 2 clock pins of DDR instance u_ph1p35_324_ddr_wrapper/u_ddr2/ph1p_ddrmc_wrapper/ph1p_ddrmc_top/u_ddr_phy/u_ddrphy_top/u_ddrphy/ac_byte[2]$ac_byte_used$u_ddrphy_ac_byte_wrapper/u_ddrphy_byte, location = x0y50z0.
PHY-1001 :   Placed ioclk instance u_ph1p35_324_ddr_wrapper/u_ddr2/ph1p_ddrmc_wrapper/ph1p_ddrmc_top/u_ddr_phy/u_ddrphy_top/u_ddrphy_clk/ioclk[0]$u_ioclk_1, location = x0y59z1.
PHY-1001 :   Placed ioclk instance u_ph1p35_324_ddr_wrapper/u_ddr2/ph1p_ddrmc_wrapper/ph1p_ddrmc_top/u_ddr_phy/u_ddrphy_top/u_ddrphy_clk/ioclk[0]$u_ioclk_0, location = x0y59z0.
PHY-1001 : Processing 2 clock pins of DDR instance u_ph1p35_324_ddr_wrapper/u_ddr2/ph1p_ddrmc_wrapper/ph1p_ddrmc_top/u_ddr_phy/u_ddrphy_top/u_ddrphy/ac_byte[3]$ac_byte_used$u_ddrphy_ac_byte_wrapper/u_ddrphy_byte, location = x0y40z0.
PHY-1001 :   Placed ioclk instance u_ph1p35_324_ddr_wrapper/u_ddr2/ph1p_ddrmc_wrapper/ph1p_ddrmc_top/u_ddr_phy/u_ddrphy_top/u_ddrphy_clk/ioclk[0]$u_ioclk_1, location = x0y59z1.
PHY-1001 :   Placed ioclk instance u_ph1p35_324_ddr_wrapper/u_ddr2/ph1p_ddrmc_wrapper/ph1p_ddrmc_top/u_ddr_phy/u_ddrphy_top/u_ddrphy_clk/ioclk[0]$u_ioclk_0, location = x0y59z0.
PHY-1001 : Processing 2 clock pins of DDR instance u_ph1p35_324_ddr_wrapper/u_ddr2/ph1p_ddrmc_wrapper/ph1p_ddrmc_top/u_ddr_phy/u_ddrphy_top/u_ddrphy/dx_byte[0]$dx_byte_used$u_ddrphy_dx_byte_wrapper/u_ddrphy_byte, location = x0y30z0.
PHY-1001 :   Placed ioclk instance u_ph1p35_324_ddr_wrapper/u_ddr2/ph1p_ddrmc_wrapper/ph1p_ddrmc_top/u_ddr_phy/u_ddrphy_top/u_ddrphy_clk/ioclk[1]$u_ioclk_1, location = x0y19z1.
PHY-1001 :   Placed ioclk instance u_ph1p35_324_ddr_wrapper/u_ddr2/ph1p_ddrmc_wrapper/ph1p_ddrmc_top/u_ddr_phy/u_ddrphy_top/u_ddrphy_clk/ioclk[1]$u_ioclk_0, location = x0y19z0.
PHY-1001 : Processing 2 clock pins of DDR instance u_ph1p35_324_ddr_wrapper/u_ddr2/ph1p_ddrmc_wrapper/ph1p_ddrmc_top/u_ddr_phy/u_ddrphy_top/u_ddrphy/dx_byte[1]$dx_byte_used$u_ddrphy_dx_byte_wrapper/u_ddrphy_byte, location = x0y10z0.
PHY-1001 :   Placed ioclk instance u_ph1p35_324_ddr_wrapper/u_ddr2/ph1p_ddrmc_wrapper/ph1p_ddrmc_top/u_ddr_phy/u_ddrphy_top/u_ddrphy_clk/ioclk[1]$u_ioclk_1, location = x0y19z1.
PHY-1001 :   Placed ioclk instance u_ph1p35_324_ddr_wrapper/u_ddr2/ph1p_ddrmc_wrapper/ph1p_ddrmc_top/u_ddr_phy/u_ddrphy_top/u_ddrphy_clk/ioclk[1]$u_ioclk_0, location = x0y19z0.
PHY-3001 : Target density is 60%
PHY-3001 : Target density is 60%
PHY-1001 : Stage 2.7.1.1 | Update Timing
PHY-1001 : SWNS: -5022, STNS: -1516452, FEP: 386
PHY-1001 : End Stage 2.7.1.1 | Update Timing; Time: 0.083711s wall, 0.078125s user + 0.000000s system = 0.078125s CPU (93.3%); Memory(MB): used = 917, reserved = 908, peak = 917;

PHY-1001 : Stage 2.7.1.2 | Refresh Congestion
RUN-1001 : Generating global routing grids ...
PHY-1001 : Generate routing nets ...
PHY-1001 : Reuse net number 221/16750.
PHY-1001 : Global iterations in 20 thread ...
PHY-1002 : len = 1.30915e+06, over cnt = 2367(3%), over = 12251, worst = 73
PHY-1001 : End global iterations;  0.474403s wall, 0.875000s user + 0.000000s system = 0.875000s CPU (184.4%)

PHY-1001 : Congestion index:
PHY-1001 : top1  = 154.77(S 100.77, N 119.85, E 121.71, W 121.63, I 214.72, O 194.49)
PHY-1001 : top5  = 109.25(S 69.80, N 77.73, E 80.87, W 77.72, I 123.71, O 115.89)
PHY-1001 : top10 = 91.57(S 55.67, N 59.62, E 64.02, W 59.99, I 92.24, O 88.16)
PHY-1001 : top15 = 80.96(S 47.62, N 49.59, E 54.23, W 50.07, I 75.57, O 72.89)
PHY-1001 : End Stage 2.7.1.2 | Refresh Congestion; Time: 0.584137s wall, 1.000000s user + 0.000000s system = 1.000000s CPU (171.2%); Memory(MB): used = 928, reserved = 925, peak = 928;

PHY-1001 : Stage 2.7.1.3 | GP Iteration
PHY-1001 : End Stage 2.7.1.3 | GP Iteration; Time: 1.552904s wall, 10.406250s user + 0.187500s system = 10.593750s CPU (682.2%); Memory(MB): used = 930, reserved = 927, peak = 930;

PHY-3001 : Multithread accelerating rate: 6.78
OPT-1001 : Total overflow 449.47 peak overflow 10.62
PHY-3001 : Spreading for sector grids.
PHY-3001 : Iter 1, total overflow: 0
PHY-3001 : tot_capacity: 48, usage_cnt: 19, movable_cnt: 37
PHY-3001 : End spreading;  0.027714s wall, 0.031250s user + 0.000000s system = 0.031250s CPU (112.8%)

PHY-3001 : Final: Len = 1.09561e+06, Over = 69.1875
PHY-3001 : End incremental placement;  2.373477s wall, 11.640625s user + 0.187500s system = 11.828125s CPU (498.3%)

OPT-1001 : Total overflow 449.47 peak overflow 10.62
RUN-1001 : HFN opt statistic
RUN-1001 : ------------------------------------------------------
RUN-1001 :   DriverCell type  |  HFN count  |  Duplicated count  
RUN-1001 : ------------------------------------------------------
RUN-1001 :         REG        |     29      |        166         
RUN-1001 :        LUT6        |      7      |         63         
RUN-1001 :        LUT5        |      3      |         16         
RUN-1001 :        LUT4        |      9      |        101         
RUN-1001 :        LUT3        |      1      |         3          
RUN-1001 :        LUT2        |     12      |        157         
RUN-1001 :        TOTAL       |     61      |        506         
RUN-1001 : ------------------------------------------------------
OPT-1001 : End high-fanout net optimization;  5.691915s wall, 14.875000s user + 0.218750s system = 15.093750s CPU (265.2%)

OPT-1001 : Update timing in Manhattan mode
OPT-1001 : End timing update;  0.848715s wall, 0.859375s user + 0.000000s system = 0.859375s CPU (101.3%)

OPT-1001 : Current memory(MB): used = 930, reserved = 927, peak = 930.
OPT-1001 : End Stage 2.7.1 | Synthesize High-fanout Net; Time: 6.659273s wall, 15.843750s user + 0.218750s system = 16.062500s CPU (241.2%); Memory(MB): used = 930, reserved = 927, peak = 930;

OPT-1001 : Stage 2.7.2 | Global Optimization
OPT-1001 : Start global optimization ...
OPT-0007 : Start: SWNS -5131 STNS -1535780 NUM_FEPS 386
OPT-1001 : Start congestion update ...
RUN-1001 : Generating global routing grids ...
PHY-1001 : Generate routing nets ...
PHY-1001 : Reuse net number 2748/16747.
PHY-1001 : Global iterations in 20 thread ...
PHY-1002 : len = 1.38637e+06, over cnt = 2040(2%), over = 6408, worst = 26
PHY-1002 : len = 1.472e+06, over cnt = 1648(2%), over = 3836, worst = 15
PHY-1002 : len = 1.57094e+06, over cnt = 568(0%), over = 1181, worst = 12
PHY-1002 : len = 1.60806e+06, over cnt = 130(0%), over = 181, worst = 9
PHY-1002 : len = 1.63722e+06, over cnt = 15(0%), over = 15, worst = 1
PHY-1001 : End global iterations;  1.268095s wall, 1.718750s user + 0.000000s system = 1.718750s CPU (135.5%)

PHY-1001 : Congestion index:
PHY-1001 : top1  = 84.08(S 70.62, N 68.02, E 74.92, W 80.43, I 218.48, O 189.80)
PHY-1001 : top5  = 69.17(S 56.16, N 53.60, E 57.88, W 61.04, I 128.97, O 116.18)
PHY-1001 : top10 = 61.88(S 48.63, N 46.40, E 49.41, W 50.82, I 94.05, O 88.62)
PHY-1001 : top15 = 57.11(S 43.48, N 41.24, E 44.19, W 44.87, I 75.72, O 72.78)
OPT-1001 : End congestion update;  1.485420s wall, 1.906250s user + 0.000000s system = 1.906250s CPU (128.3%)

OPT-0007 : Iter 1: improved SWNS -4942 STNS -1474454 NUM_FEPS 386 with 34 cells processed and 820 slack improved
OPT-0007 : Iter 2: improved SWNS -4942 STNS -1474454 NUM_FEPS 386 with 17 cells processed and 725 slack improved
OPT-0007 : Iter 3: improved SWNS -4907 STNS -1468752 NUM_FEPS 386 with 2 cells processed and 97 slack improved
OPT-0007 : Iter 4: improved SWNS -4907 STNS -1468752 NUM_FEPS 386 with 1 cells processed and 73 slack improved
OPT-1001 : Overall commit ratio 0.26
OPT-1001 : End global optimization;  1.567825s wall, 2.000000s user + 0.000000s system = 2.000000s CPU (127.6%)

OPT-1001 : Current memory(MB): used = 931, reserved = 927, peak = 931.
OPT-1001 : End Stage 2.7.2 | Global Optimization; Time: 2.356046s wall, 2.750000s user + 0.000000s system = 2.750000s CPU (116.7%); Memory(MB): used = 931, reserved = 927, peak = 931;

OPT-0007 : End flow prepack: SWNS -4907 STNS -1468752 NUM_FEPS 386
OPT-1001 : End physical optimization;  9.040651s wall, 18.765625s user + 0.218750s system = 18.984375s CPU (210.0%)

PHY-1001 : End Stage 2.7 | Optimize Design; Time: 9.043197s wall, 18.765625s user + 0.218750s system = 18.984375s CPU (209.9%); Memory(MB): used = 931, reserved = 927, peak = 931;

PHY-1001 : Stage 2.8 | Pack and Legalization
PHY-1001 : Stage 2.8.1 | Direct Legalization
PHY-3001 : Start Direct Legalization ...
PHY-3001 : Get top1 grid util = 0.595943, top1_avg = 0.595943.
PHY-1001 : Populate physical database on model design_top_wrapper.
PHY-3001 : Target density is 60%
DBG-001 : net u_hdmi_mixer/mult0_syn_5[0] is preset to weight 50
DBG-001 : net u_hdmi_mixer/mult0_syn_5[7] is preset to weight 50
DBG-001 : net u_hdmi_mixer/mult0_syn_5[6] is preset to weight 50
DBG-001 : net u_hdmi_mixer/mult0_syn_5[5] is preset to weight 50
DBG-001 : net u_hdmi_mixer/mult0_syn_5[4] is preset to weight 50
DBG-001 : net u_hdmi_mixer/mult0_syn_5[3] is preset to weight 50
DBG-001 : net u_hdmi_mixer/mult0_syn_5[2] is preset to weight 50
DBG-001 : net u_hdmi_mixer/mult0_syn_5[1] is preset to weight 50
DBG-001 : net u_isp_top/u_edge_detect_96/add0_syn_3[7] is preset to weight 50
DBG-001 : net u_isp_top/u_edge_detect_96/add0_syn_3[6] is preset to weight 50
DBG-001 : net u_isp_top/u_edge_detect_96/add0_syn_3[5] is preset to weight 50
DBG-001 : net u_isp_top/u_edge_detect_96/add0_syn_3[4] is preset to weight 50
DBG-001 : net u_isp_top/u_edge_detect_96/add0_syn_3[3] is preset to weight 50
DBG-001 : net u_isp_top/u_edge_detect_96/add0_syn_3[2] is preset to weight 50
DBG-001 : net u_isp_top/u_edge_detect_96/add0_syn_3[1] is preset to weight 50
DBG-001 : net u_isp_top/u_edge_detect_96/add11_syn_3[12] is preset to weight 50
DBG-001 : net u_isp_top/u_edge_detect_96/add11_syn_3[11] is preset to weight 50
DBG-001 : net u_isp_top/u_edge_detect_96/add11_syn_3[10] is preset to weight 50
DBG-001 : net u_isp_top/u_edge_detect_96/add11_syn_3[9] is preset to weight 50
DBG-001 : net u_isp_top/u_edge_detect_96/add11_syn_3[8] is preset to weight 50
DBG-001 : net u_isp_top/u_edge_detect_96/add11_syn_3[7] is preset to weight 50
DBG-001 : net u_isp_top/u_edge_detect_96/add11_syn_3[6] is preset to weight 50
DBG-001 : net u_isp_top/u_edge_detect_96/add11_syn_3[5] is preset to weight 50
DBG-001 : net u_isp_top/u_edge_detect_96/add11_syn_3[4] is preset to weight 50
DBG-001 : net u_isp_top/u_edge_detect_96/add11_syn_3[3] is preset to weight 50
DBG-001 : net u_isp_top/u_edge_detect_96/add11_syn_3[2] is preset to weight 50
DBG-001 : net u_isp_top/u_edge_detect_96/add11_syn_3[1] is preset to weight 50
DBG-001 : net u_isp_top/u_edge_detect_96/add13_syn_3[9] is preset to weight 50
DBG-001 : net u_isp_top/u_edge_detect_96/add13_syn_3[8] is preset to weight 50
DBG-001 : net u_isp_top/u_edge_detect_96/add13_syn_3[7] is preset to weight 50
DBG-001 : net u_isp_top/u_edge_detect_96/add13_syn_3[6] is preset to weight 50
DBG-001 : net u_isp_top/u_edge_detect_96/add13_syn_3[5] is preset to weight 50
DBG-001 : net u_isp_top/u_edge_detect_96/add13_syn_3[4] is preset to weight 50
DBG-001 : net u_isp_top/u_edge_detect_96/add13_syn_3[3] is preset to weight 50
DBG-001 : net u_isp_top/u_edge_detect_96/add13_syn_3[2] is preset to weight 50
DBG-001 : net u_isp_top/u_edge_detect_96/add13_syn_3[1] is preset to weight 50
DBG-001 : net u_isp_top/u_edge_detect_96/add13_syn_14[9] is preset to weight 50
DBG-001 : net u_isp_top/u_edge_detect_96/add13_syn_14[8] is preset to weight 50
DBG-001 : net u_isp_top/u_edge_detect_96/add13_syn_14[7] is preset to weight 50
DBG-001 : net u_isp_top/u_edge_detect_96/add13_syn_14[6] is preset to weight 50
DBG-001 : net u_isp_top/u_edge_detect_96/add13_syn_14[5] is preset to weight 50
DBG-001 : net u_isp_top/u_edge_detect_96/add13_syn_14[4] is preset to weight 50
DBG-001 : net u_isp_top/u_edge_detect_96/add13_syn_14[3] is preset to weight 50
DBG-001 : net u_isp_top/u_edge_detect_96/add13_syn_14[2] is preset to weight 50
DBG-001 : net u_isp_top/u_edge_detect_96/add13_syn_14[1] is preset to weight 50
DBG-001 : net u_isp_top/u_edge_detect_96/add19_syn_3[12] is preset to weight 50
DBG-001 : net u_isp_top/u_edge_detect_96/add19_syn_3[11] is preset to weight 50
DBG-001 : net u_isp_top/u_edge_detect_96/add19_syn_3[10] is preset to weight 50
DBG-001 : net u_isp_top/u_edge_detect_96/add19_syn_3[9] is preset to weight 50
DBG-001 : net u_isp_top/u_edge_detect_96/add19_syn_3[8] is preset to weight 50
DBG-001 : net u_isp_top/u_edge_detect_96/add19_syn_3[7] is preset to weight 50
DBG-001 : net u_isp_top/u_edge_detect_96/add19_syn_3[6] is preset to weight 50
DBG-001 : net u_isp_top/u_edge_detect_96/add19_syn_3[5] is preset to weight 50
DBG-001 : net u_isp_top/u_edge_detect_96/add19_syn_3[4] is preset to weight 50
DBG-001 : net u_isp_top/u_edge_detect_96/add19_syn_3[3] is preset to weight 50
DBG-001 : net u_isp_top/u_edge_detect_96/add19_syn_3[2] is preset to weight 50
DBG-001 : net u_isp_top/u_edge_detect_96/add19_syn_3[1] is preset to weight 50
DBG-001 : net u_isp_top/u_edge_detect_96/add2_syn_3[7] is preset to weight 50
DBG-001 : net u_isp_top/u_edge_detect_96/add2_syn_3[6] is preset to weight 50
DBG-001 : net u_isp_top/u_edge_detect_96/add2_syn_3[5] is preset to weight 50
DBG-001 : net u_isp_top/u_edge_detect_96/add2_syn_3[4] is preset to weight 50
DBG-001 : net u_isp_top/u_edge_detect_96/add2_syn_3[3] is preset to weight 50
DBG-001 : net u_isp_top/u_edge_detect_96/add2_syn_3[2] is preset to weight 50
DBG-001 : net u_isp_top/u_edge_detect_96/add2_syn_3[1] is preset to weight 50
DBG-001 : net u_isp_top/u_edge_detect_96/add21_syn_3[9] is preset to weight 50
DBG-001 : net u_isp_top/u_edge_detect_96/add21_syn_3[8] is preset to weight 50
DBG-001 : net u_isp_top/u_edge_detect_96/add21_syn_3[7] is preset to weight 50
DBG-001 : net u_isp_top/u_edge_detect_96/add21_syn_3[6] is preset to weight 50
DBG-001 : net u_isp_top/u_edge_detect_96/add21_syn_3[5] is preset to weight 50
DBG-001 : net u_isp_top/u_edge_detect_96/add21_syn_3[4] is preset to weight 50
DBG-001 : net u_isp_top/u_edge_detect_96/add21_syn_3[3] is preset to weight 50
DBG-001 : net u_isp_top/u_edge_detect_96/add21_syn_3[2] is preset to weight 50
DBG-001 : net u_isp_top/u_edge_detect_96/add21_syn_3[1] is preset to weight 50
DBG-001 : net u_isp_top/u_edge_detect_96/add21_syn_14[9] is preset to weight 50
DBG-001 : net u_isp_top/u_edge_detect_96/add21_syn_14[8] is preset to weight 50
DBG-001 : net u_isp_top/u_edge_detect_96/add21_syn_14[7] is preset to weight 50
DBG-001 : net u_isp_top/u_edge_detect_96/add21_syn_14[6] is preset to weight 50
DBG-001 : net u_isp_top/u_edge_detect_96/add21_syn_14[5] is preset to weight 50
DBG-001 : net u_isp_top/u_edge_detect_96/add21_syn_14[4] is preset to weight 50
DBG-001 : net u_isp_top/u_edge_detect_96/add21_syn_14[3] is preset to weight 50
DBG-001 : net u_isp_top/u_edge_detect_96/add21_syn_14[2] is preset to weight 50
DBG-001 : net u_isp_top/u_edge_detect_96/add21_syn_14[1] is preset to weight 50
DBG-001 : net u_isp_top/u_edge_detect_96/add24_syn_3[7] is preset to weight 50
DBG-001 : net u_isp_top/u_edge_detect_96/add24_syn_3[6] is preset to weight 50
DBG-001 : net u_isp_top/u_edge_detect_96/add24_syn_3[5] is preset to weight 50
DBG-001 : net u_isp_top/u_edge_detect_96/add24_syn_3[4] is preset to weight 50
DBG-001 : net u_isp_top/u_edge_detect_96/add24_syn_3[3] is preset to weight 50
DBG-001 : net u_isp_top/u_edge_detect_96/add24_syn_3[2] is preset to weight 50
DBG-001 : net u_isp_top/u_edge_detect_96/add24_syn_3[1] is preset to weight 50
DBG-001 : net u_isp_top/u_edge_detect_96/add6_syn_3[7] is preset to weight 50
DBG-001 : net u_isp_top/u_edge_detect_96/add6_syn_3[6] is preset to weight 50
DBG-001 : net u_isp_top/u_edge_detect_96/add6_syn_3[5] is preset to weight 50
DBG-001 : net u_isp_top/u_edge_detect_96/add6_syn_3[4] is preset to weight 50
DBG-001 : net u_isp_top/u_edge_detect_96/add6_syn_3[3] is preset to weight 50
DBG-001 : net u_isp_top/u_edge_detect_96/add6_syn_3[2] is preset to weight 50
DBG-001 : net u_isp_top/u_edge_detect_96/add6_syn_3[1] is preset to weight 50
DBG-001 : net u_isp_top/u_edge_detect_96/ramread0_syn_57 is preset to weight 50
DBG-001 : net u_isp_top/u_edge_detect_96/ramread0_syn_58 is preset to weight 50
DBG-001 : net u_isp_top/u_edge_detect_96/ramread0_syn_59 is preset to weight 50
DBG-001 : net u_isp_top/u_edge_detect_96/ramread0_syn_60 is preset to weight 50
DBG-001 : net u_isp_top/u_edge_detect_96/ramread0_syn_61 is preset to weight 50
DBG-001 : net u_isp_top/u_edge_detect_96/ramread0_syn_62 is preset to weight 50
DBG-001 : net u_isp_top/u_edge_detect_96/ramread0_syn_63 is preset to weight 50
DBG-001 : net u_isp_top/u_edge_detect_96/ramread0_syn_64 is preset to weight 50
DBG-001 : net u_isp_top/u_edge_detect_96/ramread0_syn_65 is preset to weight 50
DBG-001 : net u_isp_top/u_edge_detect_96/ramread0_syn_66 is preset to weight 50
DBG-001 : net u_isp_top/u_edge_detect_96/ramread0_syn_67 is preset to weight 50
DBG-001 : net u_isp_top/u_edge_detect_96/ramread0_syn_68 is preset to weight 50
DBG-001 : net u_isp_top/u_edge_detect_96/ramread0_syn_69 is preset to weight 50
DBG-001 : net u_isp_top/u_edge_detect_96/ramread0_syn_70 is preset to weight 50
DBG-001 : net u_isp_top/u_edge_detect_96/ramread0_syn_71 is preset to weight 50
DBG-001 : net u_isp_top/u_edge_detect_96/ramread0_syn_72 is preset to weight 50
DBG-001 : net u_isp_top/u_edge_detect_96/ramread0_syn_73 is preset to weight 50
DBG-001 : net u_isp_top/u_edge_detect_96/ramread0_syn_74 is preset to weight 50
DBG-001 : net u_isp_top/u_edge_detect_96/ramread0_syn_75 is preset to weight 50
DBG-001 : net u_isp_top/u_edge_detect_96/ramread0_syn_76 is preset to weight 50
DBG-001 : net u_isp_top/u_edge_detect_96/ramread0_syn_77 is preset to weight 50
DBG-001 : net u_isp_top/u_edge_detect_96/ramread0_syn_78 is preset to weight 50
DBG-001 : net u_isp_top/u_edge_detect_96/ramread0_syn_79 is preset to weight 50
DBG-001 : net u_isp_top/u_edge_detect_96/ramread0_syn_80 is preset to weight 50
DBG-001 : net u_isp_top/u_edge_detect_96/ramread0_syn_81 is preset to weight 50
DBG-001 : net u_isp_top/u_edge_detect_96/ramread0_syn_82 is preset to weight 50
DBG-001 : net u_isp_top/u_edge_detect_96/ramread0_syn_83 is preset to weight 50
DBG-001 : net u_isp_top/u_edge_detect_96/ramread0_syn_84 is preset to weight 50
DBG-001 : net u_isp_top/u_edge_detect_96/ramread0_syn_85 is preset to weight 50
DBG-001 : net u_isp_top/u_edge_detect_96/ramread0_syn_86 is preset to weight 50
DBG-001 : net u_isp_top/u_edge_detect_96/ramread0_syn_87 is preset to weight 50
DBG-001 : net u_isp_top/u_edge_detect_96/ramread0_syn_88 is preset to weight 50
DBG-001 : net u_isp_top/u_edge_detect_96/ramread0_syn_89 is preset to weight 50
DBG-001 : net u_isp_top/u_edge_detect_96/ramread0_syn_90 is preset to weight 50
DBG-001 : net u_isp_top/u_edge_detect_96/ramread0_syn_91 is preset to weight 50
DBG-001 : net u_isp_top/u_edge_detect_96/ramread0_syn_92 is preset to weight 50
DBG-001 : net u_isp_top/u_edge_detect_96/ramread0_syn_93 is preset to weight 50
DBG-001 : net u_isp_top/u_edge_detect_96/ramread0_syn_94 is preset to weight 50
DBG-001 : net u_isp_top/u_edge_detect_96/ramread0_syn_95 is preset to weight 50
DBG-001 : net u_isp_top/u_edge_detect_96/ramread0_syn_96 is preset to weight 50
DBG-001 : net u_isp_top/u_edge_detect_96/ramread0_syn_97 is preset to weight 50
DBG-001 : net u_isp_top/u_edge_detect_96/ramread0_syn_98 is preset to weight 50
DBG-001 : net u_isp_top/u_edge_detect_96/ramread0_syn_99 is preset to weight 50
DBG-001 : net u_isp_top/u_edge_detect_96/ramread0_syn_100 is preset to weight 50
DBG-001 : net u_isp_top/u_edge_detect_96/ramread0_syn_101 is preset to weight 50
DBG-001 : net u_isp_top/u_edge_detect_96/ramread0_syn_102 is preset to weight 50
DBG-001 : net u_isp_top/u_edge_detect_96/ramread0_syn_103 is preset to weight 50
DBG-001 : net u_isp_top/u_edge_detect_96/ramread0_syn_104 is preset to weight 50
DBG-001 : net u_isp_top/u_edge_detect_96/ramread0_syn_105 is preset to weight 50
DBG-001 : net u_isp_top/u_edge_detect_96/ramread0_syn_106 is preset to weight 50
DBG-001 : net u_isp_top/u_edge_detect_96/ramread0_syn_107 is preset to weight 50
DBG-001 : net u_isp_top/u_edge_detect_96/ramread0_syn_108 is preset to weight 50
DBG-001 : net u_isp_top/u_edge_detect_96/ramread0_syn_109 is preset to weight 50
DBG-001 : net u_isp_top/u_edge_detect_96/ramread0_syn_110 is preset to weight 50
DBG-001 : net u_isp_top/u_edge_detect_96/ramread0_syn_111 is preset to weight 50
DBG-001 : net u_isp_top/u_edge_detect_96/ramread0_syn_112 is preset to weight 50
DBG-001 : net u_isp_top/u_edge_detect_96/ramread0_syn_113 is preset to weight 50
DBG-001 : net u_isp_top/u_edge_detect_96/ramread0_syn_114 is preset to weight 50
DBG-001 : net u_isp_top/u_edge_detect_96/ramread0_syn_115 is preset to weight 50
DBG-001 : net u_isp_top/u_edge_detect_96/ramread0_syn_116 is preset to weight 50
DBG-001 : net u_isp_top/u_edge_detect_96/ramread0_syn_117 is preset to weight 50
DBG-001 : net u_isp_top/u_edge_detect_96/ramread0_syn_118 is preset to weight 50
DBG-001 : net u_isp_top/u_edge_detect_96/ramread0_syn_119 is preset to weight 50
DBG-001 : net u_isp_top/u_edge_detect_96/ramread0_syn_120 is preset to weight 50
DBG-001 : net u_isp_top/u_edge_detect_96/ramread0_syn_121 is preset to weight 50
DBG-001 : net u_isp_top/u_edge_detect_96/ramread0_syn_122 is preset to weight 50
DBG-001 : net u_isp_top/u_edge_detect_96/ramread0_syn_123 is preset to weight 50
DBG-001 : net u_isp_top/u_edge_detect_96/ramread0_syn_124 is preset to weight 50
DBG-001 : net u_isp_top/u_edge_detect_96/ramread0_syn_125 is preset to weight 50
DBG-001 : net u_isp_top/u_edge_detect_96/ramread0_syn_126 is preset to weight 50
DBG-001 : net u_isp_top/u_edge_detect_96/ramread0_syn_127 is preset to weight 50
DBG-001 : net u_isp_top/u_edge_detect_96/ramread0_syn_128 is preset to weight 50
DBG-001 : net u_isp_top/u_edge_detect_96/ramread0_syn_129 is preset to weight 50
DBG-001 : net u_isp_top/u_edge_detect_96/ramread0_syn_130 is preset to weight 50
DBG-001 : net u_isp_top/u_edge_detect_96/ramread0_syn_131 is preset to weight 50
DBG-001 : net u_isp_top/u_edge_detect_96/ramread0_syn_132 is preset to weight 50
DBG-001 : net u_isp_top/u_edge_detect_96/ramread0_syn_133 is preset to weight 50
DBG-001 : net u_isp_top/u_edge_detect_96/ramread0_syn_134 is preset to weight 50
DBG-001 : net u_isp_top/u_edge_detect_96/ramread0_syn_135 is preset to weight 50
DBG-001 : net u_isp_top/u_edge_detect_96/ramread0_syn_136 is preset to weight 50
DBG-001 : net u_isp_top/u_edge_detect_96/ramread0_syn_137 is preset to weight 50
DBG-001 : net u_isp_top/u_edge_detect_96/ramread0_syn_138 is preset to weight 50
DBG-001 : net u_isp_top/u_edge_detect_96/ramread0_syn_139 is preset to weight 50
DBG-001 : net u_isp_top/u_edge_detect_96/ramread0_syn_140 is preset to weight 50
DBG-001 : net u_isp_top/u_edge_detect_96/ramread0_syn_141 is preset to weight 50
DBG-001 : net u_isp_top/u_edge_detect_96/ramread0_syn_142 is preset to weight 50
DBG-001 : net u_isp_top/u_edge_detect_96/ramread0_syn_143 is preset to weight 50
DBG-001 : net u_isp_top/u_edge_detect_96/ramread0_syn_144 is preset to weight 50
DBG-001 : net u_isp_top/u_edge_detect_96/ramread0_syn_145 is preset to weight 50
DBG-001 : net u_isp_top/u_edge_detect_96/ramread0_syn_146 is preset to weight 50
DBG-001 : net u_isp_top/u_edge_detect_96/ramread0_syn_147 is preset to weight 50
DBG-001 : net u_isp_top/u_edge_detect_96/ramread0_syn_148 is preset to weight 50
DBG-001 : net u_isp_top/u_edge_detect_96/ramread0_syn_149 is preset to weight 50
DBG-001 : net u_isp_top/u_edge_detect_96/ramread0_syn_150 is preset to weight 50
DBG-001 : net u_isp_top/u_edge_detect_96/ramread0_syn_151 is preset to weight 50
DBG-001 : net u_isp_top/u_edge_detect_96/ramread0_syn_152 is preset to weight 50
DBG-001 : net u_isp_top/u_edge_detect_96/ramread0_syn_153 is preset to weight 50
DBG-001 : net u_isp_top/u_edge_detect_96/ramread0_syn_154 is preset to weight 50
DBG-001 : net u_isp_top/u_edge_detect_96/ramread0_syn_155 is preset to weight 50
DBG-001 : net u_isp_top/u_edge_detect_96/ramread0_syn_156 is preset to weight 50
DBG-001 : net u_isp_top/u_edge_detect_96/ramread0_syn_157 is preset to weight 50
DBG-001 : net u_isp_top/u_edge_detect_96/ramread0_syn_158 is preset to weight 50
DBG-001 : net u_isp_top/u_edge_detect_96/ramread0_syn_159 is preset to weight 50
DBG-001 : net u_isp_top/u_edge_detect_96/ramread0_syn_160 is preset to weight 50
DBG-001 : net u_isp_top/u_edge_detect_96/ramread0_syn_161 is preset to weight 50
DBG-001 : net u_isp_top/u_edge_detect_96/ramread0_syn_162 is preset to weight 50
DBG-001 : net u_isp_top/u_edge_detect_96/ramread0_syn_163 is preset to weight 50
DBG-001 : net u_isp_top/u_edge_detect_96/ramread0_syn_164 is preset to weight 50
DBG-001 : net u_isp_top/u_edge_detect_96/ramread0_syn_165 is preset to weight 50
DBG-001 : net u_isp_top/u_edge_detect_96/ramread0_syn_166 is preset to weight 50
DBG-001 : net u_isp_top/u_edge_detect_96/ramread0_syn_167 is preset to weight 50
DBG-001 : net u_isp_top/u_edge_detect_96/ramread0_syn_168 is preset to weight 50
DBG-001 : net u_isp_top/u_edge_detect_96/ramread0_syn_169 is preset to weight 50
DBG-001 : net u_isp_top/u_edge_detect_96/ramread0_syn_170 is preset to weight 50
DBG-001 : net u_isp_top/u_edge_detect_96/ramread0_syn_171 is preset to weight 50
DBG-001 : net u_isp_top/u_edge_detect_96/ramread0_syn_172 is preset to weight 50
DBG-001 : net u_isp_top/u_edge_detect_96/ramread0_syn_177 is preset to weight 50
DBG-001 : net u_isp_top/u_edge_detect_96/ramread0_syn_178 is preset to weight 50
DBG-001 : net u_isp_top/u_edge_detect_96/ramread0_syn_179 is preset to weight 50
DBG-001 : net u_isp_top/u_edge_detect_96/ramread0_syn_180 is preset to weight 50
DBG-001 : net u_isp_top/u_edge_detect_96/ramread0_syn_185 is preset to weight 50
DBG-001 : net u_isp_top/u_edge_detect_96/ramread0_syn_186 is preset to weight 50
DBG-001 : net u_isp_top/u_edge_detect_96/ramread0_syn_187 is preset to weight 50
DBG-001 : net u_isp_top/u_edge_detect_96/ramread0_syn_188 is preset to weight 50
DBG-001 : net u_isp_top/u_edge_detect_96/ramread0_syn_189 is preset to weight 50
DBG-001 : net u_isp_top/u_edge_detect_96/ramread0_syn_190 is preset to weight 50
DBG-001 : net u_isp_top/u_edge_detect_96/ramread0_syn_191 is preset to weight 50
DBG-001 : net u_isp_top/u_edge_detect_96/ramread0_syn_192 is preset to weight 50
DBG-001 : net u_isp_top/u_edge_detect_96/ramread0_syn_193 is preset to weight 50
DBG-001 : net u_isp_top/u_edge_detect_96/ramread0_syn_194 is preset to weight 50
DBG-001 : net u_isp_top/u_edge_detect_96/ramread0_syn_195 is preset to weight 50
DBG-001 : net u_isp_top/u_edge_detect_96/ramread0_syn_196 is preset to weight 50
DBG-001 : net u_isp_top/u_edge_detect_96/ramread0_syn_197 is preset to weight 50
DBG-001 : net u_isp_top/u_edge_detect_96/ramread0_syn_198 is preset to weight 50
DBG-001 : net u_isp_top/u_edge_detect_96/ramread0_syn_199 is preset to weight 50
DBG-001 : net u_isp_top/u_edge_detect_96/ramread0_syn_200 is preset to weight 50
DBG-001 : net u_isp_top/u_edge_detect_96/ramread0_syn_201 is preset to weight 50
DBG-001 : net u_isp_top/u_edge_detect_96/ramread0_syn_202 is preset to weight 50
DBG-001 : net u_isp_top/u_edge_detect_96/ramread0_syn_203 is preset to weight 50
DBG-001 : net u_isp_top/u_edge_detect_96/ramread0_syn_204 is preset to weight 50
DBG-001 : net u_isp_top/u_edge_detect_96/ramread0_syn_205 is preset to weight 50
DBG-001 : net u_isp_top/u_edge_detect_96/ramread0_syn_206 is preset to weight 50
DBG-001 : net u_isp_top/u_edge_detect_96/ramread0_syn_207 is preset to weight 50
DBG-001 : net u_isp_top/u_edge_detect_96/ramread0_syn_208 is preset to weight 50
DBG-001 : net u_isp_top/u_edge_detect_96/ramread0_syn_209 is preset to weight 50
DBG-001 : net u_isp_top/u_edge_detect_96/ramread0_syn_210 is preset to weight 50
DBG-001 : net u_isp_top/u_edge_detect_96/ramread0_syn_211 is preset to weight 50
DBG-001 : net u_isp_top/u_edge_detect_96/ramread0_syn_212 is preset to weight 50
DBG-001 : net u_isp_top/u_edge_detect_96/ramread0_syn_213 is preset to weight 50
DBG-001 : net u_isp_top/u_edge_detect_96/ramread0_syn_214 is preset to weight 50
DBG-001 : net u_isp_top/u_edge_detect_96/ramread0_syn_215 is preset to weight 50
DBG-001 : net u_isp_top/u_edge_detect_96/ramread0_syn_216 is preset to weight 50
DBG-001 : net u_isp_top/u_edge_detect_96/ramread0_syn_217 is preset to weight 50
DBG-001 : net u_isp_top/u_edge_detect_96/ramread0_syn_218 is preset to weight 50
DBG-001 : net u_isp_top/u_edge_detect_96/ramread0_syn_219 is preset to weight 50
DBG-001 : net u_isp_top/u_edge_detect_96/ramread0_syn_220 is preset to weight 50
DBG-001 : net u_isp_top/u_edge_detect_96/ramread0_syn_221 is preset to weight 50
DBG-001 : net u_isp_top/u_edge_detect_96/ramread0_syn_222 is preset to weight 50
DBG-001 : net u_isp_top/u_edge_detect_96/ramread0_syn_223 is preset to weight 50
DBG-001 : net u_isp_top/u_edge_detect_96/ramread0_syn_224 is preset to weight 50
DBG-001 : net u_isp_top/u_edge_detect_96/ramread0_syn_225 is preset to weight 50
DBG-001 : net u_isp_top/u_edge_detect_96/ramread0_syn_226 is preset to weight 50
DBG-001 : net u_isp_top/u_edge_detect_96/ramread0_syn_227 is preset to weight 50
DBG-001 : net u_isp_top/u_edge_detect_96/ramread0_syn_228 is preset to weight 50
DBG-001 : net u_isp_top/u_edge_detect_96/ramread0_syn_229 is preset to weight 50
DBG-001 : net u_isp_top/u_edge_detect_96/ramread0_syn_230 is preset to weight 50
DBG-001 : net u_isp_top/u_edge_detect_96/ramread0_syn_231 is preset to weight 50
DBG-001 : net u_isp_top/u_edge_detect_96/ramread0_syn_232 is preset to weight 50
DBG-001 : net u_isp_top/u_edge_detect_96/ramread0_syn_233 is preset to weight 50
DBG-001 : net u_isp_top/u_edge_detect_96/ramread0_syn_234 is preset to weight 50
DBG-001 : net u_isp_top/u_edge_detect_96/ramread0_syn_235 is preset to weight 50
DBG-001 : net u_isp_top/u_edge_detect_96/ramread0_syn_236 is preset to weight 50
DBG-001 : net u_isp_top/u_edge_detect_96/ramread0_syn_237 is preset to weight 50
DBG-001 : net u_isp_top/u_edge_detect_96/ramread0_syn_238 is preset to weight 50
DBG-001 : net u_isp_top/u_edge_detect_96/ramread0_syn_239 is preset to weight 50
DBG-001 : net u_isp_top/u_edge_detect_96/ramread0_syn_240 is preset to weight 50
DBG-001 : net u_isp_top/u_edge_detect_96/ramread0_syn_241 is preset to weight 50
DBG-001 : net u_isp_top/u_edge_detect_96/ramread0_syn_242 is preset to weight 50
DBG-001 : net u_isp_top/u_edge_detect_96/ramread0_syn_243 is preset to weight 50
DBG-001 : net u_isp_top/u_edge_detect_96/ramread0_syn_244 is preset to weight 50
DBG-001 : net u_isp_top/u_edge_detect_96/ramread0_syn_245 is preset to weight 50
DBG-001 : net u_isp_top/u_edge_detect_96/ramread0_syn_246 is preset to weight 50
DBG-001 : net u_isp_top/u_edge_detect_96/ramread0_syn_247 is preset to weight 50
DBG-001 : net u_isp_top/u_edge_detect_96/ramread0_syn_248 is preset to weight 50
DBG-001 : net u_isp_top/u_edge_detect_96/ramread0_syn_249 is preset to weight 50
DBG-001 : net u_isp_top/u_edge_detect_96/ramread0_syn_250 is preset to weight 50
DBG-001 : net u_isp_top/u_edge_detect_96/ramread0_syn_251 is preset to weight 50
DBG-001 : net u_isp_top/u_edge_detect_96/ramread0_syn_252 is preset to weight 50
DBG-001 : net u_isp_top/u_edge_detect_96/ramread0_syn_253 is preset to weight 50
DBG-001 : net u_isp_top/u_edge_detect_96/ramread0_syn_254 is preset to weight 50
DBG-001 : net u_isp_top/u_edge_detect_96/ramread0_syn_255 is preset to weight 50
DBG-001 : net u_isp_top/u_edge_detect_96/ramread0_syn_256 is preset to weight 50
DBG-001 : net u_isp_top/u_edge_detect_96/ramread0_syn_257 is preset to weight 50
DBG-001 : net u_isp_top/u_edge_detect_96/ramread0_syn_258 is preset to weight 50
DBG-001 : net u_isp_top/u_edge_detect_96/ramread0_syn_259 is preset to weight 50
DBG-001 : net u_isp_top/u_edge_detect_96/ramread0_syn_260 is preset to weight 50
DBG-001 : net u_isp_top/u_edge_detect_96/ramread0_syn_261 is preset to weight 50
DBG-001 : net u_isp_top/u_edge_detect_96/ramread0_syn_262 is preset to weight 50
DBG-001 : net u_isp_top/u_edge_detect_96/ramread0_syn_263 is preset to weight 50
DBG-001 : net u_isp_top/u_edge_detect_96/ramread0_syn_264 is preset to weight 50
DBG-001 : net u_isp_top/u_edge_detect_96/ramread0_syn_265 is preset to weight 50
DBG-001 : net u_isp_top/u_edge_detect_96/ramread0_syn_266 is preset to weight 50
DBG-001 : net u_isp_top/u_edge_detect_96/ramread0_syn_267 is preset to weight 50
DBG-001 : net u_isp_top/u_edge_detect_96/ramread0_syn_268 is preset to weight 50
DBG-001 : net u_isp_top/u_edge_detect_96/ramread0_syn_269 is preset to weight 50
DBG-001 : net u_isp_top/u_edge_detect_96/ramread0_syn_270 is preset to weight 50
DBG-001 : net u_isp_top/u_edge_detect_96/ramread0_syn_271 is preset to weight 50
DBG-001 : net u_isp_top/u_edge_detect_96/ramread0_syn_272 is preset to weight 50
DBG-001 : net u_isp_top/u_edge_detect_96/ramread0_syn_273 is preset to weight 50
DBG-001 : net u_isp_top/u_edge_detect_96/ramread0_syn_274 is preset to weight 50
DBG-001 : net u_isp_top/u_edge_detect_96/ramread0_syn_275 is preset to weight 50
DBG-001 : net u_isp_top/u_edge_detect_96/ramread0_syn_276 is preset to weight 50
DBG-001 : net u_isp_top/u_edge_detect_96/ramread0_syn_277 is preset to weight 50
DBG-001 : net u_isp_top/u_edge_detect_96/ramread0_syn_278 is preset to weight 50
DBG-001 : net u_isp_top/u_edge_detect_96/ramread0_syn_279 is preset to weight 50
DBG-001 : net u_isp_top/u_edge_detect_96/ramread0_syn_280 is preset to weight 50
DBG-001 : net u_isp_top/u_edge_detect_96/ramread0_syn_281 is preset to weight 50
DBG-001 : net u_isp_top/u_edge_detect_96/ramread0_syn_282 is preset to weight 50
DBG-001 : net u_isp_top/u_edge_detect_96/ramread0_syn_283 is preset to weight 50
DBG-001 : net u_isp_top/u_edge_detect_96/ramread0_syn_284 is preset to weight 50
DBG-001 : net u_isp_top/u_edge_detect_96/ramread0_syn_285 is preset to weight 50
DBG-001 : net u_isp_top/u_edge_detect_96/ramread0_syn_286 is preset to weight 50
DBG-001 : net u_isp_top/u_edge_detect_96/ramread0_syn_287 is preset to weight 50
DBG-001 : net u_isp_top/u_edge_detect_96/ramread0_syn_288 is preset to weight 50
DBG-001 : net u_isp_top/u_edge_detect_96/ramread0_syn_289 is preset to weight 50
DBG-001 : net u_isp_top/u_edge_detect_96/ramread0_syn_290 is preset to weight 50
DBG-001 : net u_isp_top/u_edge_detect_96/ramread0_syn_291 is preset to weight 50
DBG-001 : net u_isp_top/u_edge_detect_96/ramread0_syn_292 is preset to weight 50
DBG-001 : net u_isp_top/u_edge_detect_96/ramread0_syn_293 is preset to weight 50
DBG-001 : net u_isp_top/u_edge_detect_96/ramread0_syn_294 is preset to weight 50
DBG-001 : net u_isp_top/u_edge_detect_96/ramread0_syn_295 is preset to weight 50
DBG-001 : net u_isp_top/u_edge_detect_96/ramread0_syn_296 is preset to weight 50
DBG-001 : net u_isp_top/u_edge_detect_96/ramread0_syn_297 is preset to weight 50
DBG-001 : net u_isp_top/u_edge_detect_96/ramread0_syn_298 is preset to weight 50
DBG-001 : net u_isp_top/u_edge_detect_96/ramread0_syn_299 is preset to weight 50
DBG-001 : net u_isp_top/u_edge_detect_96/ramread0_syn_300 is preset to weight 50
DBG-001 : net u_isp_top/u_edge_detect_96/ramread0_syn_305 is preset to weight 50
DBG-001 : net u_isp_top/u_edge_detect_96/ramread0_syn_306 is preset to weight 50
DBG-001 : net u_isp_top/u_edge_detect_96/ramread0_syn_307 is preset to weight 50
DBG-001 : net u_isp_top/u_edge_detect_96/ramread0_syn_308 is preset to weight 50
PHY-3001 : Before Legalization for Slice Macros, Len = 1.0946e+06.
RUN-1001 : Legalization top10 inst displacement:
RUN-1001 : --------------------------------------------------------------------------------------------------------------------------------------------------------------------------------------------------------------------------------------
RUN-1001 :   Index  |  Bounded  |  Height  |        Location        |  Disp. (slots)  |  Disp. (grids)  |                                                                  Name                                                                  
RUN-1001 : --------------------------------------------------------------------------------------------------------------------------------------------------------------------------------------------------------------------------------------
RUN-1001 :     1    |     N     |    8     |   x3y50z6 to x5y48z0   |       38        |        4        |        u_ph1p35_324_ddr_wrapper/u_ddr2/ph1p_ddrmc_wrapper/ph1p_ddrmc_top/u_ddr_phy/u_ddrphy_top/u_ddrphy_init/ramread0_syn_131         
RUN-1001 :     2    |     N     |    8     |  x22y31z1 to x21y34z0  |       31        |        4        |                                              u_isp_top/u_edge_detect_96/ramread0_syn_693                                               
RUN-1001 :     3    |     N     |    8     |   x3y52z1 to x5y54z0   |       31        |        4        |         u_ph1p35_324_ddr_wrapper/u_ddr2/ph1p_ddrmc_wrapper/ph1p_ddrmc_top/u_ddr_phy/u_ddrphy_top/u_ddrphy_init/ramread0_syn_71         
RUN-1001 :     4    |     N     |    8     |  x12y31z7 to x11y29z0  |       31        |        3        |                                              u_isp_top/u_edge_detect_96/ramread0_syn_793                                               
RUN-1001 :     5    |     N     |    8     |  x22y31z2 to x25y32z0  |       30        |        4        |                                              u_isp_top/u_edge_detect_96/ramread0_syn_1013                                              
RUN-1001 :     6    |     N     |    8     |   x3y50z6 to x5y49z0   |       30        |        3        |         u_ph1p35_324_ddr_wrapper/u_ddr2/ph1p_ddrmc_wrapper/ph1p_ddrmc_top/u_ddr_phy/u_ddrphy_top/u_ddrphy_init/ramread0_syn_51         
RUN-1001 :     7    |     N     |    8     |  x18y37z2 to x17y40z0  |       30        |        4        |                                              u_isp_top/u_edge_detect_96/ramread0_syn_1073                                              
RUN-1001 :     8    |     N     |    8     |  x12y10z6 to x11y13z0  |       26        |        4        |  u_ph1p35_324_ddr_wrapper/u_ddr2/ph1p_ddrmc_wrapper/ph1p_ddrmc_top/u_alc_mc_top/u_rd_data/rd_buffer[0]$u_rd_data_buf/ramread0_syn_172  
RUN-1001 :     9    |     N     |    8     |  x18y37z2 to x15y37z0  |       26        |        3        |                                              u_isp_top/u_edge_detect_96/ramread0_syn_1233                                              
RUN-1001 :    10    |     N     |    8     |  x22y31z2 to x21y29z0  |       26        |        3        |                                              u_isp_top/u_edge_detect_96/ramread0_syn_1093                                              
RUN-1001 : --------------------------------------------------------------------------------------------------------------------------------------------------------------------------------------------------------------------------------------
PHY-3001 : After Legalization for Slice Macros, Len = 1.13047e+06.
RUN-1001 : Generating global routing grids ...
PHY-1001 : Generate routing nets ...
PHY-1001 : Reuse net number 14912/16779.
RUN-1002 : start command "update_timing -mode MANHATTAN"
RUN-1002 : start command "start_timer"
RUN-1003 : finish command "update_timing -mode MANHATTAN" in  1.734754s wall, 1.687500s user + 0.015625s system = 1.703125s CPU (98.2%)

RUN-1004 : used memory is 952 MB, reserved memory is 948 MB, peak memory is 952 MB
PHY-1001 : Global iterations in 20 thread ...
PHY-1002 : len = 1.71123e+06, over cnt = 505(0%), over = 1162, worst = 10
PHY-1002 : len = 1.72893e+06, over cnt = 372(0%), over = 700, worst = 9
PHY-1002 : len = 1.75533e+06, over cnt = 156(0%), over = 255, worst = 8
PHY-1002 : len = 1.7601e+06, over cnt = 81(0%), over = 105, worst = 8
PHY-1002 : len = 1.76424e+06, over cnt = 16(0%), over = 16, worst = 1
PHY-1001 : End global iterations;  0.791452s wall, 0.875000s user + 0.015625s system = 0.890625s CPU (112.5%)

PHY-1001 : Congestion index:
PHY-1001 : top1  = 83.46(S 70.33, N 67.16, E 74.81, W 81.00, I 186.68, O 182.81)
PHY-1001 : top5  = 69.86(S 57.31, N 53.12, E 58.24, W 62.57, I 118.07, O 113.43)
PHY-1001 : top10 = 62.93(S 49.79, N 46.14, E 49.71, W 52.20, I 89.50, O 87.29)
PHY-1001 : top15 = 58.19(S 44.81, N 41.10, E 44.70, W 46.13, I 73.45, O 71.80)
PHY-3001 : Total Iter 101, legal = 18395 / 18395 (100.00%), avg_move = 29.37, max_move = 235.
PHY-3001 : There are no illegal insts.
PHY-1001 : Populate physical database on model design_top_wrapper.
PHY-3001 : End Direct Legalization;  11.780748s wall, 85.062500s user + 0.406250s system = 85.468750s CPU (725.5%)

RUN-1001 : Summary of LUT-FF Pairs
RUN-1001 : ---------------------------------------------------------------
RUN-1001 :   Num of Fanout Seqs  |   1x   |  2x  |  3~5  |  6~10  |  >10  
RUN-1001 : ---------------------------------------------------------------
RUN-1001 :         Total         |  4423  |  13  |  52   |   10   |  23   
RUN-1001 :          Grid         |  4418  |  13  |  49   |   10   |  23   
RUN-1001 :          Bank         |  4293  |  10  |  44   |   10   |  22   
RUN-1001 :         Paired        |  4276  |  10  |  42   |   10   |  22   
RUN-1001 : ---------------------------------------------------------------
RUN-1001 : Summary of LUT Pairs
RUN-1001 : ---------------------------------------------------------------------------------------------------------------------
RUN-1001 :            |           |           |           |           |           |  O5 + O6  |  Only O5  |  Only O6  |  Total  
RUN-1001 : ---------------------------------------------------------------------------------------------------------------------
RUN-1001 :   5 Share  |  4 Share  |  3 Share  |  2 Share  |  1 Share  |  0 Share  |           |           |           |         
RUN-1001 :     114    |    245    |    262    |    439    |    927    |   1324    |   3311    |   3074    |   3325    |  9710   
RUN-1001 : ---------------------------------------------------------------------------------------------------------------------
PHY-1001 : End Stage 2.8.1 | Direct Legalization; Time: 11.818924s wall, 85.093750s user + 0.406250s system = 85.500000s CPU (723.4%); Memory(MB): used = 1004, reserved = 1045, peak = 1004;

PHY-3001 : Target density is 60%
PHY-3001 : After Direct Legalization, Len = 1.25287e+06.
PHY-1001 : End Stage 2.8 | Pack and Legalization; Time: 11.919792s wall, 85.203125s user + 0.406250s system = 85.609375s CPU (718.2%); Memory(MB): used = 1004, reserved = 1045, peak = 1004;

RUN-1002 : start command "start_timer"
RUN-1003 : finish command "start_timer" in  1.564102s wall, 1.500000s user + 0.000000s system = 1.500000s CPU (95.9%)

RUN-1004 : used memory is 1004 MB, reserved memory is 1045 MB, peak memory is 1004 MB
PHY-1001 : End Stage 2 | Global Placement; Time: 33.673425s wall, 131.250000s user + 2.828125s system = 134.078125s CPU (398.2%); Memory(MB): used = 1004, reserved = 1045, peak = 1004;

PHY-1001 : Stage 3 | Detailed Placement
PHY-1001 : Stage 3.1 | SLICE Detailed Placement
PHY-1001 : Stage 3.1.1 | Spreading
PHY-3001 : Design contains 156 ce signals.
PHY-3001 : Spreading for sector grids.
PHY-3001 : Iter 1, total overflow: 0
PHY-3001 : tot_capacity: 48, usage_cnt: 19, movable_cnt: 34
PHY-3001 : Spreading for clock grids.
PHY-3001 : clock grid count for 24 x 4 grids
PHY-3001 : Spreading for plb grids.
PHY-3001 : total displace: 0, max displace: 0.
PHY-3001 : End spreading;  0.180413s wall, 0.187500s user + 0.000000s system = 0.187500s CPU (103.9%)

PHY-1001 : End Stage 3.1.1 | Spreading; Time: 0.180546s wall, 0.187500s user + 0.000000s system = 0.187500s CPU (103.9%); Memory(MB): used = 1004, reserved = 1045, peak = 1004;

PHY-1001 : Stage 3.1.2 | Simulated Annealing Based DP
RUN-1001 : Generating global routing grids ...
PHY-1001 : Generate routing nets ...
PHY-1001 : Reuse net number 1742/11739.
PHY-1001 : Global iterations in 20 thread ...
PHY-1002 : len = 1.59413e+06, over cnt = 967(1%), over = 1731, worst = 9
PHY-1002 : len = 1.62091e+06, over cnt = 510(0%), over = 804, worst = 9
PHY-1002 : len = 1.63341e+06, over cnt = 165(0%), over = 291, worst = 6
PHY-1002 : len = 1.63694e+06, over cnt = 93(0%), over = 134, worst = 4
PHY-1002 : len = 1.63864e+06, over cnt = 0(0%), over = 0, worst = 0
PHY-1001 : End global iterations;  0.871921s wall, 1.281250s user + 0.000000s system = 1.281250s CPU (146.9%)

PHY-1001 : Congestion index:
PHY-1001 : top1  = 72.29(S 60.73, N 54.67, E 66.96, W 65.71, I 64.75, O 69.00)
PHY-1001 : top5  = 60.66(S 47.49, N 43.02, E 51.71, W 50.52, I 54.09, O 55.92)
PHY-1001 : top10 = 54.60(S 41.34, N 36.89, E 44.08, W 42.80, I 49.71, O 48.85)
PHY-1001 : top15 = 50.51(S 37.29, N 33.05, E 39.25, W 38.16, I 46.37, O 43.94)
PHY-0007 : Initial: WL Cost = 110576, TD Cost = 9.25881e+06, SWNS = -5581, STNS = -1737143, Nums per T = 96330, Range Limit = 4x8
PHY-0007 : Finally: WL Cost = 98331.4, TD Cost = 7.35888e+06, WL Ratio = 0.889265, TD Ratio = 0.794798, SWNS = -4792, STNS = -1480956
RUN-1001 : Print Detailed placement's Summary information
RUN-1001 : ------------------------------------------------------------------------------------------------------------------------------
RUN-1001 :           |  Total   |  Accept  |  Reject by overFlow  |  Reject by worseCost  |  Failed by noTarget  |  Failed by gridCheck  
RUN-1001 : ------------------------------------------------------------------------------------------------------------------------------
RUN-1001 :   Slices  |  866970  |  24932   |         1581         |        832304         |         105          |         8048          
RUN-1001 :   Macros  |  18190   |   432    |          31          |         17645         |          51          |          31           
RUN-1001 : ------------------------------------------------------------------------------------------------------------------------------
PHY-1001 : End Stage 3.1.2 | Simulated Annealing Based DP; Time: 12.508761s wall, 13.796875s user + 0.078125s system = 13.875000s CPU (110.9%); Memory(MB): used = 1022, reserved = 1055, peak = 1022;

PHY-3001 : End Detailed Place; 
PHY-3001 : Final: Len = 1.10001e+06, Over = 0
PHY-1001 : End Stage 3.1 | SLICE Detailed Placement; Time: 12.887446s wall, 14.171875s user + 0.078125s system = 14.250000s CPU (110.6%); Memory(MB): used = 1022, reserved = 1055, peak = 1022;

PHY-3001 : End Detailed Place; 
PHY-1001 : Stage 3.2 | Optimize Design
OPT-1001 : Start physical optimization ...
OPT-1001 : Total overflow 0.00 peak overflow 0.00
OPT-1001 : Stage 3.2.1 | Physical Optimization
OPT-1001 : Start high-fanout net optimization in optimize equivalent flow with medium effort ...
OPT-1001 : Clean unloaded insts before merging registers
PHY-1001 : Populate physical database on model design_top_wrapper.
PHY-1001 : Populate physical database on model design_top_wrapper.
OPT-1001 : Total overflow 0.00 peak overflow 0.00
OPT-1001 : End optimize duplicated nets. Total 138 instances are merged and 2771 sinks are reconnected,  1.872858s wall, 1.984375s user + 0.000000s system = 1.984375s CPU (106.0%)

OPT-1001 : End high-fanout net optimization;  1.873980s wall, 1.984375s user + 0.000000s system = 1.984375s CPU (105.9%)

OPT-1001 : Update timing in Manhattan mode
RUN-1002 : start command "start_timer"
RUN-1003 : finish command "start_timer" in  1.444872s wall, 1.437500s user + 0.000000s system = 1.437500s CPU (99.5%)

RUN-1004 : used memory is 1023 MB, reserved memory is 1055 MB, peak memory is 1023 MB
OPT-1001 : End timing update;  2.351147s wall, 2.328125s user + 0.000000s system = 2.328125s CPU (99.0%)

OPT-1001 : Current memory(MB): used = 1023, reserved = 1055, peak = 1023.
OPT-1001 : End Stage 3.2.1 | Physical Optimization; Time: 4.339181s wall, 4.421875s user + 0.000000s system = 4.421875s CPU (101.9%); Memory(MB): used = 1023, reserved = 1055, peak = 1023;

OPT-1001 : Stage 3.2.2 | Synthesize High-fanout Net
OPT-1001 : Start high-fanout net optimization in post-pack flow with medium effort ...
OPT-1001 : Start: SWNS -4792 STNS -1476032 NUM_FEPS 386
OPT-1001 : Total overflow 0.00 peak overflow 0.00
PHY-1001 : Populate physical database on model design_top_wrapper.
OPT-1001 : 10 high-fanout net processed.
OPT-1001 : Total overflow 0.00 peak overflow 0.00
RUN-1001 : HFN opt statistic
RUN-1001 : ------------------------------------------------------
RUN-1001 :   DriverCell type  |  HFN count  |  Duplicated count  
RUN-1001 : ------------------------------------------------------
RUN-1001 :       LSLICE       |      0      |         0          
RUN-1001 :       MSLICE       |      0      |         0          
RUN-1001 :        OTHER       |     10      |         19         
RUN-1001 :        TOTAL       |     10      |         19         
RUN-1001 : ------------------------------------------------------
OPT-1001 : End high-fanout net optimization;  0.950760s wall, 0.906250s user + 0.000000s system = 0.906250s CPU (95.3%)

OPT-1001 : Current memory(MB): used = 1023, reserved = 1055, peak = 1023.
OPT-1001 : End Stage 3.2.2 | Synthesize High-fanout Net; Time: 1.047395s wall, 1.015625s user + 0.000000s system = 1.015625s CPU (97.0%); Memory(MB): used = 1023, reserved = 1055, peak = 1023;

OPT-1001 : Stage 3.2.3 | Optimize Path
OPT-1001 : Start unpack path based optimization ...
OPT-0007 : Start: SWNS -4792 STNS -1475704 NUM_FEPS 386 with mode 2
OPT-1001 : Start congestion update ...
RUN-1001 : Generating global routing grids ...
PHY-1001 : Generate routing nets ...
PHY-1001 : Reuse net number 3414/12624.
PHY-1001 : Global iterations in 20 thread ...
PHY-1002 : len = 1.51605e+06, over cnt = 1193(1%), over = 1992, worst = 9
PHY-1002 : len = 1.53982e+06, over cnt = 727(1%), over = 1118, worst = 9
PHY-1002 : len = 1.56442e+06, over cnt = 199(0%), over = 300, worst = 7
PHY-1002 : len = 1.57099e+06, over cnt = 28(0%), over = 39, worst = 4
PHY-1002 : len = 1.57462e+06, over cnt = 0(0%), over = 0, worst = 0
PHY-1001 : End global iterations;  1.157577s wall, 1.484375s user + 0.000000s system = 1.484375s CPU (128.2%)

PHY-1001 : Congestion index:
PHY-1001 : top1  = 76.33(S 60.64, N 52.14, E 62.44, W 72.04, I 64.75, O 66.04)
PHY-1001 : top5  = 60.92(S 48.33, N 41.44, E 47.78, W 53.75, I 53.29, O 53.39)
PHY-1001 : top10 = 54.26(S 42.58, N 35.98, E 41.42, W 45.42, I 48.70, O 46.50)
PHY-1001 : top15 = 50.22(S 38.79, N 32.53, E 37.34, W 40.24, I 45.50, O 41.91)
OPT-1001 : End congestion update;  1.447297s wall, 1.781250s user + 0.000000s system = 1.781250s CPU (123.1%)

OPT-0007 : Iter 1: improved SWNS -4765 STNS -1468812 NUM_FEPS 386 with 5(3062) cells and 1812(31349) paths processed with 459 slack improved, crit_thod: -3301 ratio: 0.60(6/10) rt: 4.2s
OPT-0007 : Iter 2: improved SWNS -4753 STNS -1464308 NUM_FEPS 386 with 9(41468) cells and 10000(31468) paths processed with 1528 slack improved, crit_thod: -3233 ratio: 0.58(11/19) rt: 4.4s
OPT-0007 : Iter 3: improved SWNS -4753 STNS -1464308 NUM_FEPS 386 with 0(20000) cells and 10000(31428) paths processed with 0 slack improved, crit_thod: -3222 ratio: 0.00(0/6) rt: 4.3s
OPT-1001 : End path based optimization;  14.337630s wall, 14.515625s user + 0.000000s system = 14.515625s CPU (101.2%)

OPT-1001 : Current memory(MB): used = 1062, reserved = 1095, peak = 1062.
OPT-1001 : End Stage 3.2.3 | Optimize Path; Time: 14.427227s wall, 14.609375s user + 0.000000s system = 14.609375s CPU (101.3%); Memory(MB): used = 1062, reserved = 1095, peak = 1062;

OPT-1001 : Stage 3.2.4 | Optimize Duplicated Nets
OPT-1001 : Start: WNS -4753 TNS -1464308 NUM_FEPS 386
OPT-1001 : Clean unloaded insts before merging registers
PHY-1001 : Populate physical database on model design_top_wrapper.
PHY-1001 : Populate physical database on model design_top_wrapper.
OPT-1001 : Total overflow 0.00 peak overflow 0.00
OPT-1001 : End optimize duplicated nets. Total 1 instances are merged and 818 sinks are reconnected,  1.787754s wall, 1.781250s user + 0.000000s system = 1.781250s CPU (99.6%)

OPT-1001 : Update timing in Manhattan mode
RUN-1002 : start command "start_timer"
RUN-1003 : finish command "start_timer" in  1.485297s wall, 1.468750s user + 0.000000s system = 1.468750s CPU (98.9%)

RUN-1004 : used memory is 1062 MB, reserved memory is 1095 MB, peak memory is 1062 MB
OPT-1001 : End timing update;  2.386924s wall, 2.359375s user + 0.000000s system = 2.359375s CPU (98.8%)

OPT-1001 : Current memory(MB): used = 1062, reserved = 1095, peak = 1062.
OPT-1001 : End Stage 3.2.4 | Optimize Duplicated Nets; Time: 4.263652s wall, 4.234375s user + 0.000000s system = 4.234375s CPU (99.3%); Memory(MB): used = 1062, reserved = 1095, peak = 1062;

OPT-1001 : Stage 3.2.5 | Swap Pins
OPT-1001 : Start pin optimization...
OPT-1001 : Start: SWNS -4753 STNS -1464504 NUM_FEPS 386
OPT-1001 : Successfully optimized 3114 instances
OPT-1001 : Successfully optimized 2059 instances
OPT-1001 : End pin optimization;  2.951487s wall, 2.937500s user + 0.015625s system = 2.953125s CPU (100.1%)

OPT-1001 : Current memory(MB): used = 1062, reserved = 1094, peak = 1062.
OPT-1001 : End Stage 3.2.5 | Swap Pins; Time: 3.048989s wall, 3.031250s user + 0.015625s system = 3.046875s CPU (99.9%); Memory(MB): used = 1062, reserved = 1094, peak = 1062;

OPT-1001 : Stage 3.2.6 | Optimize Beeline
OPT-1001 : Start beeline optimization...
OPT-1001 : Start: SWNS -4047 STNS -1185943 NUM_FEPS 357
PHY-1001 : Beeline DP, 1203 out of 3515 (34.22)%; hop = 1583.
PHY-1001 : Beeline DP, 637 out of 2729 (23.34)%; hop = 869.
PHY-1001 : Beeline DP, 389 out of 2485 (15.65)%; hop = 535.
PHY-1001 : Beeline DP, 312 out of 2411 (12.94)%; hop = 435.
PHY-1001 : Beeline DP, 268 out of 2354 (11.38)%; hop = 384.
PHY-1001 : Beeline optimization intraPLB, 3200 1-hop(46.76%), 2715 2-hop(39.68%), 404 3-hop( 5.90%), 524 others ( 7.66%)
PHY-1001 :  5.496508s wall, 5.437500s user + 0.015625s system = 5.453125s CPU (99.2%)

RUN-1001 : Beeline optimization outerPLB: 1-hop 2679, 2-hop 4534, 3-hop 2137, 4-hop 682, other 1627 
OPT-1001 : End beeline optimization;  5.972355s wall, 5.890625s user + 0.031250s system = 5.921875s CPU (99.2%)

OPT-1001 : Update timing in Manhattan mode
OPT-1001 : End timing update;  0.944111s wall, 0.937500s user + 0.000000s system = 0.937500s CPU (99.3%)

OPT-1001 : End Stage 3.2.6 | Optimize Beeline; Time: 7.107353s wall, 7.031250s user + 0.031250s system = 7.062500s CPU (99.4%); Memory(MB): used = 1062, reserved = 1094, peak = 1062;

OPT-0007 : End flow postpack: SWNS -4331 STNS -1286577 NUM_FEPS 362
RUN-1001 : Generating global routing grids ...
PHY-1001 : Generate routing nets ...
PHY-1001 : Reuse net number 9545/11805.
PHY-1001 : Global iterations in 20 thread ...
PHY-1002 : len = 1.58877e+06, over cnt = 496(0%), over = 748, worst = 9
PHY-1002 : len = 1.59845e+06, over cnt = 271(0%), over = 345, worst = 5
PHY-1002 : len = 1.60325e+06, over cnt = 72(0%), over = 99, worst = 5
PHY-1002 : len = 1.60552e+06, over cnt = 14(0%), over = 18, worst = 4
PHY-1002 : len = 1.60573e+06, over cnt = 6(0%), over = 7, worst = 2
PHY-1001 : End global iterations;  0.453374s wall, 0.546875s user + 0.000000s system = 0.546875s CPU (120.6%)

PHY-1001 : Congestion index:
PHY-1001 : top1  = 75.59(S 59.99, N 52.11, E 63.38, W 71.46, I 64.75, O 66.28)
PHY-1001 : top5  = 60.79(S 48.47, N 41.44, E 48.56, W 53.23, I 52.65, O 54.10)
PHY-1001 : top10 = 54.32(S 42.66, N 36.15, E 42.21, W 45.25, I 47.70, O 46.79)
PHY-1001 : top15 = 50.30(S 38.82, N 32.76, E 37.98, W 40.25, I 44.35, O 41.97)
RUN-1001 : QoR Analysis:
OPT-0007 :   SWNS -4331 STNS -1286577 NUM_FEPS 362
RUN-1001 :   No local congestion issue, and most congested 1% tile average routing util is 75.105263
RUN-1001 :   Top critical paths
RUN-1001 :       #1 path slack -4331ps with too many logic level 17 
RUN-1001 :       #2 path slack -4327ps with too many logic level 17 
RUN-1001 :       #3 path slack -4310ps with too many logic level 17 
RUN-1001 :       #4 path slack -4310ps with too many logic level 17 
RUN-1001 :       #5 path slack -4307ps with too many logic level 17 
RUN-1001 :       #6 path slack -4306ps with too many logic level 17 
RUN-1001 :       #7 path slack -4306ps with too many logic level 17 
RUN-1001 :       #8 path slack -4306ps with too many logic level 17 
RUN-1001 :       #9 path slack -4303ps with too many logic level 17 
RUN-1001 :       #10 path slack -4302ps with too many logic level 17 
OPT-1002 :   please consider adjusting synthesis strategy to reduce the large logic level of these critical paths
RUN-1001 :   0 HFN exist on timing critical paths out of 25193 nets
RUN-1001 :   0 long nets exist on timing critical paths out of 25193 nets
OPT-1001 : End physical optimization;  35.147677s wall, 35.421875s user + 0.046875s system = 35.468750s CPU (100.9%)

PHY-1001 : End Stage 3.2 | Optimize Design; Time: 35.147919s wall, 35.421875s user + 0.046875s system = 35.468750s CPU (100.9%); Memory(MB): used = 1062, reserved = 1094, peak = 1062;

RUN-1001 : Report Control nets information:
RUN-1001 : DFF Distribution
RUN-1001 : -------------------------------------
RUN-1001 :   CE   |  SSR  |  ASR  |  DFF Count  
RUN-1001 : -------------------------------------
RUN-1001 :   No   |  No   |  No   |     32      
RUN-1001 :   No   |  No   |  Yes  |      0      
RUN-1001 :   No   |  Yes  |  No   |      0      
RUN-1001 :   Yes  |  No   |  No   |    1598     
RUN-1001 :   Yes  |  No   |  Yes  |    5930     
RUN-1001 :   Yes  |  Yes  |  No   |     458     
RUN-1001 : -------------------------------------
RUN-1001 : Control Group Statistic
RUN-1001 : -----------------------------
RUN-1001 :   #CLK  |  #CE  |  #SSR/ASR  
RUN-1001 : -----------------------------
RUN-1001 :    10   |  398  |     34     
RUN-1001 : -----------------------------
RUN-0007 : Control Set = 478
PHY-1001 : End Stage 3 | Detailed Placement; Time: 48.137721s wall, 49.703125s user + 0.125000s system = 49.828125s CPU (103.5%); Memory(MB): used = 1062, reserved = 1094, peak = 1062;

PHY-1001 : Populate physical database on model design_top_wrapper.
PHY-1001 : Stage 4 | Optimize Design
PHY-3001 : Start incremental legalization ...
PHY-1001 : Populate physical database on model design_top_wrapper.
PHY-1001 : Processing 2 clock pins of DDR instance u_ph1p35_324_ddr_wrapper/u_ddr2/ph1p_ddrmc_wrapper/ph1p_ddrmc_top/u_ddr_phy/u_ddrphy_top/u_ddrphy/ac_byte[0]$ac_byte_used$u_ddrphy_ac_byte_wrapper/u_ddrphy_byte, location = x0y70z0.
PHY-1001 :   Placed ioclk instance u_ph1p35_324_ddr_wrapper/u_ddr2/ph1p_ddrmc_wrapper/ph1p_ddrmc_top/u_ddr_phy/u_ddrphy_top/u_ddrphy_clk/ioclk[0]$u_ioclk_1, location = x0y59z1.
PHY-1001 :   Placed ioclk instance u_ph1p35_324_ddr_wrapper/u_ddr2/ph1p_ddrmc_wrapper/ph1p_ddrmc_top/u_ddr_phy/u_ddrphy_top/u_ddrphy_clk/ioclk[0]$u_ioclk_0, location = x0y59z0.
PHY-1001 : Processing 2 clock pins of DDR instance u_ph1p35_324_ddr_wrapper/u_ddr2/ph1p_ddrmc_wrapper/ph1p_ddrmc_top/u_ddr_phy/u_ddrphy_top/u_ddrphy/ac_byte[1]$ac_byte_used$u_ddrphy_ac_byte_wrapper/u_ddrphy_byte, location = x0y60z0.
PHY-1001 :   Placed ioclk instance u_ph1p35_324_ddr_wrapper/u_ddr2/ph1p_ddrmc_wrapper/ph1p_ddrmc_top/u_ddr_phy/u_ddrphy_top/u_ddrphy_clk/ioclk[0]$u_ioclk_1, location = x0y59z1.
PHY-1001 :   Placed ioclk instance u_ph1p35_324_ddr_wrapper/u_ddr2/ph1p_ddrmc_wrapper/ph1p_ddrmc_top/u_ddr_phy/u_ddrphy_top/u_ddrphy_clk/ioclk[0]$u_ioclk_0, location = x0y59z0.
PHY-1001 : Processing 2 clock pins of DDR instance u_ph1p35_324_ddr_wrapper/u_ddr2/ph1p_ddrmc_wrapper/ph1p_ddrmc_top/u_ddr_phy/u_ddrphy_top/u_ddrphy/ac_byte[2]$ac_byte_used$u_ddrphy_ac_byte_wrapper/u_ddrphy_byte, location = x0y50z0.
PHY-1001 :   Placed ioclk instance u_ph1p35_324_ddr_wrapper/u_ddr2/ph1p_ddrmc_wrapper/ph1p_ddrmc_top/u_ddr_phy/u_ddrphy_top/u_ddrphy_clk/ioclk[0]$u_ioclk_1, location = x0y59z1.
PHY-1001 :   Placed ioclk instance u_ph1p35_324_ddr_wrapper/u_ddr2/ph1p_ddrmc_wrapper/ph1p_ddrmc_top/u_ddr_phy/u_ddrphy_top/u_ddrphy_clk/ioclk[0]$u_ioclk_0, location = x0y59z0.
PHY-1001 : Processing 2 clock pins of DDR instance u_ph1p35_324_ddr_wrapper/u_ddr2/ph1p_ddrmc_wrapper/ph1p_ddrmc_top/u_ddr_phy/u_ddrphy_top/u_ddrphy/ac_byte[3]$ac_byte_used$u_ddrphy_ac_byte_wrapper/u_ddrphy_byte, location = x0y40z0.
PHY-1001 :   Placed ioclk instance u_ph1p35_324_ddr_wrapper/u_ddr2/ph1p_ddrmc_wrapper/ph1p_ddrmc_top/u_ddr_phy/u_ddrphy_top/u_ddrphy_clk/ioclk[0]$u_ioclk_1, location = x0y59z1.
PHY-1001 :   Placed ioclk instance u_ph1p35_324_ddr_wrapper/u_ddr2/ph1p_ddrmc_wrapper/ph1p_ddrmc_top/u_ddr_phy/u_ddrphy_top/u_ddrphy_clk/ioclk[0]$u_ioclk_0, location = x0y59z0.
PHY-1001 : Processing 2 clock pins of DDR instance u_ph1p35_324_ddr_wrapper/u_ddr2/ph1p_ddrmc_wrapper/ph1p_ddrmc_top/u_ddr_phy/u_ddrphy_top/u_ddrphy/dx_byte[0]$dx_byte_used$u_ddrphy_dx_byte_wrapper/u_ddrphy_byte, location = x0y30z0.
PHY-1001 :   Placed ioclk instance u_ph1p35_324_ddr_wrapper/u_ddr2/ph1p_ddrmc_wrapper/ph1p_ddrmc_top/u_ddr_phy/u_ddrphy_top/u_ddrphy_clk/ioclk[1]$u_ioclk_1, location = x0y19z1.
PHY-1001 :   Placed ioclk instance u_ph1p35_324_ddr_wrapper/u_ddr2/ph1p_ddrmc_wrapper/ph1p_ddrmc_top/u_ddr_phy/u_ddrphy_top/u_ddrphy_clk/ioclk[1]$u_ioclk_0, location = x0y19z0.
PHY-1001 : Processing 2 clock pins of DDR instance u_ph1p35_324_ddr_wrapper/u_ddr2/ph1p_ddrmc_wrapper/ph1p_ddrmc_top/u_ddr_phy/u_ddrphy_top/u_ddrphy/dx_byte[1]$dx_byte_used$u_ddrphy_dx_byte_wrapper/u_ddrphy_byte, location = x0y10z0.
PHY-1001 :   Placed ioclk instance u_ph1p35_324_ddr_wrapper/u_ddr2/ph1p_ddrmc_wrapper/ph1p_ddrmc_top/u_ddr_phy/u_ddrphy_top/u_ddrphy_clk/ioclk[1]$u_ioclk_1, location = x0y19z1.
PHY-1001 :   Placed ioclk instance u_ph1p35_324_ddr_wrapper/u_ddr2/ph1p_ddrmc_wrapper/ph1p_ddrmc_top/u_ddr_phy/u_ddrphy_top/u_ddrphy_clk/ioclk[1]$u_ioclk_0, location = x0y19z0.
PHY-3001 : Target density is 60%
PHY-3001 : Target density is 60%
PHY-3001 : Initial: Len = 1.1504e+06, Over = 0
PHY-1001 : Stage 4.1 | Spreading
PHY-3001 : Design contains 145 ce signals.
PHY-3001 : Spreading for sector grids.
PHY-3001 : Iter 1, total overflow: 0
PHY-3001 : tot_capacity: 48, usage_cnt: 19, movable_cnt: 35
PHY-3001 : Spreading for clock grids.
PHY-3001 : clock grid count for 24 x 4 grids
PHY-3001 : Spreading for plb grids.
PHY-3001 : total displace: 0, max displace: 0.
PHY-3001 : End spreading;  0.186927s wall, 0.187500s user + 0.000000s system = 0.187500s CPU (100.3%)

PHY-1001 : End Stage 4.1 | Spreading; Time: 0.187065s wall, 0.187500s user + 0.000000s system = 0.187500s CPU (100.2%); Memory(MB): used = 1072, reserved = 1094, peak = 1072;

PHY-3001 : Final: Len = 1.1504e+06, Over = 0
PHY-3001 : End incremental legalization;  0.376198s wall, 0.375000s user + 0.000000s system = 0.375000s CPU (99.7%)

RUN-1002 : start command "report_qor -step place -file place.qor"
RUN-1002 : start command "start_timer"
RUN-1003 : finish command "start_timer" in  1.184520s wall, 1.140625s user + 0.000000s system = 1.140625s CPU (96.3%)

RUN-1004 : used memory is 1072 MB, reserved memory is 1094 MB, peak memory is 1072 MB
RUN-1001 : Generating global routing grids ...
-----------------------------------------------------------
| QoR metrics               |         value               |
-----------------------------------------------------------
| Timing                    |                             |
|     Setup WNS             |        -4331                |
|     Setup TNS             |     -1286577                |
|     Num of violated S-EP  |          362                |
|     FMAX                  |    71.475MHz                |
|     SWNS path clock period |       9660ps                |
|     Hold WNS              |         -284                |
|     Hold TNS              |       -74386                |
|     Num of violated H-EP  |          533                |
-----------------------------------------------------------
| Routing Resource          |                             |
|     Wire length           |      1146904                |
|     Route Net Num         |        17517                |
|     DontRoute Net Num     |         5896                |
|     RouteSinks Num        |        65684                |
-----------------------------------------------------------
| Utilization               |                             |
|     #slices               |        11116                |
|     slices percentage     |       52.39%                |
|     #RAMs                 |           39                |
|     #DSPs                 |           13                |
|     #DRAMHARDCON          |           69                |
-----------------------------------------------------------
| Congestion                |                             |
|     Top 1% tile util      |           67                |
|     Top 1% tile avg util  |       75.11%                |
|     Over 100% util #tile  |            0                |
-----------------------------------------------------------
Report place stage QoR done.

RUN-1003 : finish command "report_qor -step place -file place.qor" in  2.725150s wall, 2.687500s user + 0.000000s system = 2.687500s CPU (98.6%)

RUN-1004 : used memory is 1073 MB, reserved memory is 1094 MB, peak memory is 1073 MB
PHY-1001 : End Stage 4 | Optimize Design; Time: 3.117422s wall, 3.078125s user + 0.000000s system = 3.078125s CPU (98.7%); Memory(MB): used = 1073, reserved = 1094, peak = 1073;

PHY-1001 : Stage 5 | DRC Check
PHY-1001 : Stage 5.1 | Slice Attributes Check
PHY-1035 : Redundant attributes/nets in slice detected. You can use tcl "check_slice_attr -verbose" to get full message.
PHY-1039 : Found 16 mslices getting no used reg attributes, eg: u_hdmi_tx/u_hdmi_1_4b_transmitter_core_wrapper/u_hdmi_tx_controller_wrapper/u_hdmi_video_data_assemble/S_island_guard_band_1d_syn_10.
PHY-1039 : Found 16 mslices getting no used ce attributes, eg: u_hdmi_tx/u_hdmi_1_4b_transmitter_core_wrapper/u_hdmi_tx_controller_wrapper/u_hdmi_video_data_assemble/S_island_guard_band_1d_syn_10.
PHY-1001 : End Stage 5.1 | Slice Attributes Check; Time: 0.039574s wall, 0.031250s user + 0.000000s system = 0.031250s CPU (79.0%); Memory(MB): used = 1073, reserved = 1094, peak = 1073;

PHY-1001 : Stage 5.2 | Clock Bound Check
PHY-1001 : Check pass.
PHY-1001 : End Stage 5.2 | Clock Bound Check; Time: 0.001514s wall, 0.015625s user + 0.000000s system = 0.015625s CPU (1032.4%); Memory(MB): used = 1073, reserved = 1094, peak = 1073;

PHY-1001 : Stage 5.3 | Force Route Constraint Check
PHY-1001 : Check Pass.
PHY-1001 : End Stage 5.3 | Force Route Constraint Check; Time: 0.001181s wall, 0.000000s user + 0.000000s system = 0.000000s CPU (n/a%); Memory(MB): used = 1073, reserved = 1094, peak = 1073;

PHY-1001 : Stage 5.4 | Sigmap Check
PHY-1001 : Check pass.
PHY-1001 : End Stage 5.4 | Sigmap Check; Time: 0.051788s wall, 0.046875s user + 0.000000s system = 0.046875s CPU (90.5%); Memory(MB): used = 1073, reserved = 1094, peak = 1073;

PHY-1001 : Stage 5.5 | Duplicated SelfDriven Check
PHY-1001 : Check pass.
PHY-1001 : End Stage 5.5 | Duplicated SelfDriven Check; Time: 0.446251s wall, 0.437500s user + 0.000000s system = 0.437500s CPU (98.0%); Memory(MB): used = 1073, reserved = 1094, peak = 1073;

PHY-1001 : Stage 5.6 | Clock Rule Check
PHY-5088 WARNING: Clock_Analyzer: Detected 1 buffer(s) clkin net because they drive non-clock sinks. Run "analyze_clock -detail" for more infomation.
PHY-5088 WARNING: Clock_Analyzer: Detected 1 buffer(s) clkout net because they drive non-clock sinks. Run "analyze_clock -detail" for more infomation.
PHY-5088 WARNING: Clock_Analyzer: 3 clock-net(s) because they drive other clock net, may cause clock skew. Run "analyze_clock -detail" for more infomation.
PHY-1001 : End Stage 5.6 | Clock Rule Check; Time: 0.032984s wall, 0.046875s user + 0.000000s system = 0.046875s CPU (142.1%); Memory(MB): used = 1073, reserved = 1094, peak = 1073;

PHY-1001 : End Stage 5 | DRC Check; Time: 0.626658s wall, 0.625000s user + 0.000000s system = 0.625000s CPU (99.7%); Memory(MB): used = 1073, reserved = 1094, peak = 1073;

OPT-1001 : QoR tracer report on placement steps:
    SWNS [   incr ]      STNS [     incr ]    FEPS [   incr ]    CRIT [   incr ]      CELL [     incr ]        WL [     incr ]    CONG [   incr ]    PDES [   incr ]   RT(s) [   incr ]   MEM(mb) [     incr ]
       0 [      0 ]         0 [        0 ]       0 [      0 ]       0 [      0 ]     20296 [        0 ]         0 [        0 ]    0.00 [   0.00 ]       0 [      0 ]       0 [      0 ]       537 [        0 ] : preplace:simplify_lut
       0 [      0 ]         0 [        0 ]       0 [      0 ]       0 [      0 ]     20296 [        0 ]         0 [        0 ]    0.00 [   0.00 ]       0 [      0 ]       0 [      0 ]       537 [        0 ] : preplace:sweep
       0 [      0 ]         0 [        0 ]       0 [      0 ]       0 [      0 ]     20268 [      -28 ]         0 [        0 ]    0.00 [   0.00 ]       0 [      0 ]       6 [      6 ]       746 [      209 ] : preplace:lut_merge
       0 [      0 ]         0 [        0 ]       0 [      0 ]       0 [      0 ]     20268 [        0 ]         0 [        0 ]    0.00 [   0.00 ]       0 [      0 ]       6 [      0 ]       746 [        0 ] : preplace:hfn_opt
   -4997 [  -4997 ]  -1493336 [ -1493336 ]     386 [    386 ]    -341 [   -341 ]     22054 [     1786 ]    788458 [   788458 ]    0.00 [   0.00 ]       0 [      0 ]      10 [      4 ]       826 [       80 ] : step1_gp
   -5063 [    -66 ]  -1541573 [   -48237 ]     386 [      0 ]    -474 [   -133 ]     22054 [        0 ]    798362 [     9904 ]    0.00 [   0.00 ]       0 [      0 ]      10 [      0 ]       832 [        6 ] : step1_legal
   -5043 [     20 ]  -1505629 [    35944 ]     386 [      0 ]    -318 [    156 ]     22054 [        0 ]    775461 [   -22901 ]    0.00 [   0.00 ]       0 [      0 ]      11 [      1 ]       834 [        2 ] : step1_dp
   -5244 [   -201 ]  -1635316 [  -129687 ]     386 [      0 ]    -950 [   -632 ]     22054 [        0 ]   1064884 [   289423 ]  134.00 [ 134.00 ]       0 [      0 ]      15 [      4 ]       909 [       75 ] : step2_gp
   -5344 [   -100 ]  -1630409 [     4907 ]     386 [      0 ]    -957 [     -7 ]     22054 [        0 ]   1063252 [    -1632 ]  134.00 [   0.00 ]       0 [      0 ]      16 [      1 ]       911 [        2 ] : step2_dp
   -5344 [      0 ]  -1630409 [        0 ]     386 [      0 ]    -957 [      0 ]     22054 [        0 ]   1063252 [        0 ]  134.00 [   0.00 ]       0 [      0 ]      16 [      0 ]       911 [        0 ] : prepack_spreading
   -5131 [    213 ]  -1535780 [    94629 ]     386 [      0 ]    -699 [    258 ]     22560 [      506 ]   1090804 [    27552 ]  154.34 [  20.34 ]       0 [      0 ]      23 [      7 ]       930 [       19 ] : prepack:hfn_opt
   -4907 [    224 ]  -1468752 [    67028 ]     386 [      0 ]    -699 [      0 ]     22560 [        0 ]   1092567 [     1763 ]   83.74 [ -70.61 ]       0 [      0 ]      25 [      2 ]       931 [        1 ] : prepack:global_opt
   -5581 [   -674 ]  -1737143 [  -268391 ]     386 [      0 ]    -825 [   -126 ]     13202 [    -9358 ]   1249341 [   156774 ]   83.13 [  -0.61 ]       0 [      0 ]      40 [     15 ]      1004 [       73 ] : direct_legalization
   -5581 [      0 ]  -1737143 [        0 ]     386 [      0 ]    -825 [      0 ]     13202 [        0 ]   1249341 [        0 ]   83.13 [   0.00 ]       0 [      0 ]      40 [      0 ]      1004 [        0 ] : post_pack_spreading
   -4792 [    789 ]  -1480956 [   256187 ]     386 [      0 ]    -629 [    196 ]     13202 [        0 ]   1096479 [  -152862 ]   71.79 [ -11.34 ]       0 [      0 ]      52 [     12 ]      1022 [       18 ] : post_pack_dp
   -4792 [      0 ]  -1476032 [     4924 ]     386 [      0 ]    -550 [     79 ]     13149 [      -53 ]   1084310 [   -12169 ]   71.79 [   0.00 ]       0 [      0 ]      57 [      5 ]      1023 [        1 ] : postpack:optimize_equivalent_quick
   -4792 [      0 ]  -1475704 [      328 ]     386 [      0 ]    -577 [    -27 ]     13168 [       19 ]   1090026 [     5716 ]   71.79 [   0.00 ]       0 [      0 ]      58 [      1 ]      1023 [        0 ] : postpack:hfn_opt
   -4753 [     39 ]  -1464308 [    11396 ]     386 [      0 ]    -577 [      0 ]     13174 [        6 ]   1090581 [      555 ]   75.89 [   4.11 ]       0 [      0 ]      72 [     14 ]      1062 [       39 ] : postpack:path_opt
   -4753 [      0 ]  -1464504 [     -196 ]     386 [      0 ]    -561 [     16 ]     13156 [      -18 ]   1084609 [    -5972 ]   75.89 [   0.00 ]       0 [      0 ]      77 [      5 ]      1062 [        0 ] : postpack:optimize_equivalent
   -4047 [    706 ]  -1185943 [   278561 ]     357 [    -29 ]    1203 [   1764 ]     13156 [        0 ]   1084609 [        0 ]   75.89 [   0.00 ]       0 [      0 ]      80 [      3 ]      1062 [        0 ] : postpack:pin_opt
   -4331 [   -284 ]  -1286577 [  -100634 ]     362 [      5 ]     902 [   -301 ]     13156 [        0 ]   1134894 [    50285 ]   75.89 [   0.00 ]       0 [      0 ]      87 [      7 ]      1062 [        0 ] : postpack:beeline_opt

RUN-1003 : finish command "place" in  91.999113s wall, 190.875000s user + 3.046875s system = 193.921875s CPU (210.8%)

RUN-1004 : used memory is 1073 MB, reserved memory is 1094 MB, peak memory is 1073 MB
RUN-1002 : start command "update_timing -mode manhattan"
RUN-1002 : start command "start_timer"
RUN-1003 : finish command "start_timer" in  1.106367s wall, 1.109375s user + 0.000000s system = 1.109375s CPU (100.3%)

RUN-1004 : used memory is 1073 MB, reserved memory is 1094 MB, peak memory is 1073 MB
RUN-1003 : finish command "update_timing -mode manhattan" in  1.963958s wall, 1.953125s user + 0.000000s system = 1.953125s CPU (99.4%)

RUN-1004 : used memory is 1073 MB, reserved memory is 1094 MB, peak memory is 1073 MB
RUN-1002 : start command "report_timing_summary -file camera_to_dsi_display_place.timing"
RUN-1002 : start command "report_area -io_info -file camera_to_dsi_display_phy.area"
SYN-4034 : The count of slices with lut is 8787.
SYN-4035 : The count of slices with lut+ripple is 886.
RUN-1001 : standard
***Report Model: design_top_wrapper Device: PH1P35MDG324***

Design Statistics
#IO                        58   out of    160   36.25%
  #input                    2
  #output                  31
  #inout                   25
#lut6                   10241   out of  21216   48.27%
#reg                     7986
  #slice reg             7986   out of  42432   18.82%
  #pad reg                  0

Utilization Statistics
#slice                  11116   out of  21216   52.39%
  #used ram               568
    #dram lut             552
    #shifter lut           16
  #used logic           10548
    #with luts           8787
    #with adder           886
    #reg only             875
#f7mux                     32   out of  10608    0.30%
#f8mux                      0   out of   5304    0.00%
#eram                      39   out of    108   36.11%
  #eram20k                 39
  #fifo20k                  0
#dsp                       13   out of     40   32.50%
#ddr_byte                   6   out of     12   50.00%
#mipi_tx                    0   out of      2    0.00%
#mipi_rx                    1   out of      2   50.00%
#pad                       17   out of    160   10.62%
#pll                        3   out of      6   50.00%
#gclk                       9   out of     32   28.12%
#lclk                       0   out of     12    0.00%
#sclk                       0   out of     48    0.00%
#mlclk                      2   out of      6   33.33%
#ioclk                      4   out of     18   22.22%

RUN-1002 : start command "flow_status -file place_flow.status"
Location         : C:\FPGA\Fpga_program\fire\td_project\camera_to_dsi_display_Runs\phy_1
Running with     : Tang Dynasty v6.2.168116
                   Copyright (c) 2012-2025 Anlogic Inc.
Top Model        : design_top_wrapper
Device           : PH1P35MDG324
Speed            : 3

Timing Mode      : manhattan
Setup            : WNS -4331ps  TNS -1286577ps  NUM_FEPS   362
Hold             : WNS  -284ps  TNS   -74386ps  NUM_FEPS   533

Flow Statistics  :
RUN-1001 : Flow Statistics:
RUN-1001 : ---------------------------------------------------------------------------------------------------
RUN-1001 :      command     |  #calls  |  wall time   |  cpu time(s)  |  used memory(mb)  |  peak memory(mb)  
RUN-1001 : ---------------------------------------------------------------------------------------------------
RUN-1001 :       place      |    1     |  1m31s(97%)  |   193(100%)   |       1073        |       1073        
RUN-1001 :     import_db    |    1     |    1s(1%)    |     0(0%)     |        535        |        535        
RUN-1001 :   import_device  |    1     |    1s(1%)    |     0(0%)     |        324        |        324        
RUN-1001 : ---------------------------------------------------------------------------------------------------
RUN-1001 :       total      |    3     |    1m33s     |      193      |       1073        |       1073        
RUN-1001 : ---------------------------------------------------------------------------------------------------
RUN-1002 : start command "report_clock_utilization -file place_clock_utilization.txt"
RUN-1002 : start command "export_db camera_to_dsi_display_place.db"
RUN-1001 : Exported flow parameters
RUN-1001 : Exported /
RUN-1001 : Exported libs
RUN-1001 : Exported entities
RUN-1001 : Exported ports
RUN-1001 : Exported pins
RUN-1001 : Exported instances
RUN-1001 : Exported nets
RUN-1001 : Exported buses
RUN-1001 : Exported models
RUN-1001 : Exported phy database
RUN-1001 : Exported packer
RUN-1001 : Exported congestions
RUN-1001 : Exported violations
RUN-1001 : Exported ATMR Setting
RUN-1001 : Exported timing constraints
RUN-1001 : Exported IO constraints
RUN-1001 : Exported Inst constraints
RUN-1001 : Exported ChipWatcher
RUN-1002 : start command "commit_param -step route"
RUN-1001 : Print Global Property
RUN-1001 : -------------------------------------------------------------
RUN-1001 :     Parameters    |   Settings   |  Default Values  |  Note  
RUN-1001 : -------------------------------------------------------------
RUN-1001 :    enable_seed    |     off      |       off        |        
RUN-1001 :    hfn_to_clock   |  1000000000  |    1000000000    |        
RUN-1001 :      message      |   standard   |     standard     |        
RUN-1001 :    qor_monitor    |      on      |        on        |        
RUN-1001 :   speedup_effort  |      0       |        0         |        
RUN-1001 :    syn_ip_flow    |     off      |       off        |        
RUN-1001 :       thread      |     auto     |       auto       |        
RUN-1001 : -------------------------------------------------------------
RUN-1001 : Print Route Property
RUN-1001 : ---------------------------------------------------------------
RUN-1001 :       Parameters      |  Settings  |  Default Values  |  Note  
RUN-1001 : ---------------------------------------------------------------
RUN-1001 :         effort        |   normal   |      normal      |        
RUN-1001 :        fix_hold       |     on     |        on        |        
RUN-1001 :   hold_fix_iteration  |     5      |        5         |        
RUN-1001 :     post_route_opt    |    auto    |       auto       |        
RUN-1001 :         timing        |     on     |        on        |        
RUN-1001 : ---------------------------------------------------------------
RUN-1002 : start command "route"
RUN-1001 : Open license file C:/FPGA/Anlogic/TD_6.2.1_Engineer_6.2.168.116/license/Anlogic.lic
PHY-1001 : Reconnected 29 VDD pins with routing demanding
PHY-1001 : Populate physical database on model design_top_wrapper.
RUN-1001 : Dedicate pll clock connection statistics:
RUN-1001 : Clock Region s_1_l [0,40][23,79]; Utilization: 1 out of 12
RUN-1001 : ----------------------------------------------------------------------------------------------------------------------------------------------------------------------------------------------------------------------------------
RUN-1001 :   Index  |                                    Leading Clock                                     |                                                          Special Sink                                                           
RUN-1001 : ----------------------------------------------------------------------------------------------------------------------------------------------------------------------------------------------------------------------------------
RUN-1001 :     1    |  u_ph1p35_324_ddr_wrapper/u_ddr2/ph1p_ddrmc_wrapper/ph1p_ddrmc_top/u_alc_mc_top/clk  |  u_ph1p35_324_ddr_wrapper/u_ddr2/ph1p_ddrmc_wrapper/ph1p_ddrmc_top/u_ddr_phy/u_ddrphy_top/u_ddrphy_clk/u_pll1/u_pll_inst.fbclk  
RUN-1001 : ----------------------------------------------------------------------------------------------------------------------------------------------------------------------------------------------------------------------------------
RUN-1001 : Clock Region s_1_r [24,40][43,79]; Utilization: 1 out of 12
RUN-1001 : -----------------------------------------------------------------------------------------------------------------------------------------------------------------------
RUN-1001 :   Index  |                                     Leading Clock                                     |                            Special Sink                             
RUN-1001 : -----------------------------------------------------------------------------------------------------------------------------------------------------------------------
RUN-1001 :     1    |  u_mipi_dphy_rx_ph1p_mipiio_wrapper/u_ph1p_mipiio_rx_wrapper/u_lane0_hs_detect/I_clk  |  u_PLL/ph1p_phy_pll_wrapper_25a56e5ce2f9_Inst/u_PH1P_PHY_PLL.fbclk  
RUN-1001 : -----------------------------------------------------------------------------------------------------------------------------------------------------------------------
PHY-1001 : Working orders of clock nets being processed in bank assignment:
PHY-1001 : u_ph1p35_324_ddr_wrapper/u_ddr2/ph1p_ddrmc_wrapper/ph1p_ddrmc_top/u_alc_mc_top/clk;
PHY-1001 : u_mipi_dphy_rx_ph1p_mipiio_wrapper/u_ph1p_mipiio_rx_wrapper/u_lane0_hs_detect/I_clk;
PHY-1001 : u_isp_top/u_demosaic/raw_matrix_3x3_buffer_d/zhenghe_d/blk_mem_gen_zhenghe_d1/ram_d32970204f32_Inst/clkb;
PHY-1001 : u_hdmi_mixer/I_clk_syn_657;
PHY-1001 : O_cam_24m_syn_3;
PHY-1001 : I_sys_clk_syn_8;
PHY-1001 : u_hdmi_tx/u_hdmi2phy_wrapper/u0_lane_lvds_8_1/I_serial_clk_syn_1;
PHY-1001 : u_ph1p35_324_ddr_wrapper/u_ddr2/ph1p_ddrmc_wrapper/ph1p_ddrmc_top/u_ddr_phy/u_ddrphy_top/u_ddrphy/apb_pclk_syn_1;
PHY-1001 : u_uicfgcs520/u_i2c/scl_clk_syn_105;
PHY-1001 : Internal bound Intnl_0_0_25_40 is being created by clock u_ph1p35_324_ddr_wrapper/u_ddr2/usr_clk through SCLK.
PHY-1001 : Internal bound Intnl_25_0_23_40 is being created by clock MIPI_RX_BYTE_CLK through SCLK.
PHY-1001 : Internal bound Intnl_0_40_25_40 is being created by clock u_ph1p35_324_ddr_wrapper/u_ddr2/usr_clk through SCLK.
PHY-1001 : Internal bound Intnl_25_40_19_40 is being created by clock HDMI_PIXEL_CLK through SCLK.
RUN-1001 : Clock region assignment statistics:
RUN-1001 : Clock Region s_0_l [0,0][23,39]; Utilization: 7 out of 12
RUN-1001 : ----------------------------------------------------------------------------------------------------------------------------------------------------------------------------------------------------------------------------------------------------------------------------------------------------------------------------------------
RUN-1001 :   Bank  |                                                   Leading Clock                                                    |       Type        |                                                                          Buffer                                                                           |  Regional Clock Fanouts  
RUN-1001 : ----------------------------------------------------------------------------------------------------------------------------------------------------------------------------------------------------------------------------------------------------------------------------------------------------------------------------------------
RUN-1001 :    1    |                 u_ph1p35_324_ddr_wrapper/u_ddr2/ph1p_ddrmc_wrapper/ph1p_ddrmc_top/u_alc_mc_top/clk                 |  (infered sclk)   |   u_ph1p35_324_ddr_wrapper/u_ddr2/ph1p_ddrmc_wrapper/ph1p_ddrmc_top/u_ddr_phy/u_ddrphy_top/u_ddrphy_clk/u_pll1/u_bufg_fbclk_auto_created_sclk_s_0_l_bk1   |           988            
RUN-1001 :    2    |      u_isp_top/u_demosaic/raw_matrix_3x3_buffer_d/zhenghe_d/blk_mem_gen_zhenghe_d1/ram_d32970204f32_Inst/clkb      |  (infered sclk)   |                           u_mipi_dphy_rx_ph1p_mipiio_wrapper/u_ph1p_mipiio_rx_wrapper/bufg_feedback_auto_created_sclk_s_0_l_bk2                           |           472            
RUN-1001 :    3    |                                             u_hdmi_mixer/I_clk_syn_657                                             |  (infered sclk)   |                                              u_hdmi_mixer/I_clk_created_gclkinst_auto_created_sclk_s_0_l_bk3                                              |           150            
RUN-1001 :    4    |                                                  O_cam_24m_syn_3                                                   |  (infered sclk)   |                                               O_cam_24m_dup_1_created_gclkinst_auto_created_sclk_s_0_l_bk4                                                |            89            
RUN-1001 :    5    |                                                  I_sys_clk_syn_8                                                   |  (infered sclk)   |                                               I_sys_clk_dup_6_created_gclkinst_auto_created_sclk_s_0_l_bk5                                                |            85            
RUN-1001 :    6    |                                         u_uicfgcs520/u_i2c/scl_clk_syn_105                                         |  (infered sclk)   |                                          u_uicfgcs520/u_i2c/scl_clk_created_gclkinst_auto_created_sclk_s_0_l_bk6                                          |            27            
RUN-1001 :    7    |  u_ph1p35_324_ddr_wrapper/u_ddr2/ph1p_ddrmc_wrapper/ph1p_ddrmc_top/u_ddr_phy/u_ddrphy_top/u_ddrphy/apb_pclk_syn_1  |  (infered sclk)   |  u_ph1p35_324_ddr_wrapper/u_ddr2/ph1p_ddrmc_wrapper/ph1p_ddrmc_top/u_ddr_phy/u_ddrphy_top/u_ddrphy/apb_pclk_created_gclkinst_auto_created_sclk_s_0_l_bk7  |            3             
RUN-1001 : ----------------------------------------------------------------------------------------------------------------------------------------------------------------------------------------------------------------------------------------------------------------------------------------------------------------------------------------
RUN-1001 : Clock Region s_0_r [24,0][47,39]; Utilization: 3 out of 12
RUN-1001 : ------------------------------------------------------------------------------------------------------------------------------------------------------------------------------------------------------------------------------------------------------------------------------
RUN-1001 :   Bank  |                                               Leading Clock                                                |       Type        |                                                 Buffer                                                  |  Regional Clock Fanouts  
RUN-1001 : ------------------------------------------------------------------------------------------------------------------------------------------------------------------------------------------------------------------------------------------------------------------------------
RUN-1001 :    1    |  u_isp_top/u_demosaic/raw_matrix_3x3_buffer_d/zhenghe_d/blk_mem_gen_zhenghe_d1/ram_d32970204f32_Inst/clkb  |  (infered sclk)   |  u_mipi_dphy_rx_ph1p_mipiio_wrapper/u_ph1p_mipiio_rx_wrapper/bufg_feedback_auto_created_sclk_s_0_r_bk1  |           236            
RUN-1001 :    2    |                                         u_hdmi_mixer/I_clk_syn_657                                         |  (infered sclk)   |                     u_hdmi_mixer/I_clk_created_gclkinst_auto_created_sclk_s_0_r_bk2                     |           124            
RUN-1001 :    3    |            u_mipi_dphy_rx_ph1p_mipiio_wrapper/u_ph1p_mipiio_rx_wrapper/u_lane0_hs_detect/I_clk             |  (infered sclk)   |                             u_PLL/bufg_feedback_auto_created_sclk_s_0_r_bk3                             |            7             
RUN-1001 : ------------------------------------------------------------------------------------------------------------------------------------------------------------------------------------------------------------------------------------------------------------------------------
RUN-1001 : Clock Region s_1_l [0,40][23,79]; Utilization: 4 out of 12
RUN-1001 : ----------------------------------------------------------------------------------------------------------------------------------------------------------------------------------------------------------------------------------------------------------------------------------------------------------------------------------------
RUN-1001 :   Bank  |                                                   Leading Clock                                                    |       Type        |                                                                          Buffer                                                                           |  Regional Clock Fanouts  
RUN-1001 : ----------------------------------------------------------------------------------------------------------------------------------------------------------------------------------------------------------------------------------------------------------------------------------------------------------------------------------------
RUN-1001 :    1    |                 u_ph1p35_324_ddr_wrapper/u_ddr2/ph1p_ddrmc_wrapper/ph1p_ddrmc_top/u_alc_mc_top/clk                 |  (infered sclk)   |   u_ph1p35_324_ddr_wrapper/u_ddr2/ph1p_ddrmc_wrapper/ph1p_ddrmc_top/u_ddr_phy/u_ddrphy_top/u_ddrphy_clk/u_pll1/u_bufg_fbclk_auto_created_sclk_s_1_l_bk1   |           1238           
RUN-1001 :    2    |      u_isp_top/u_demosaic/raw_matrix_3x3_buffer_d/zhenghe_d/blk_mem_gen_zhenghe_d1/ram_d32970204f32_Inst/clkb      |  (infered sclk)   |                           u_mipi_dphy_rx_ph1p_mipiio_wrapper/u_ph1p_mipiio_rx_wrapper/bufg_feedback_auto_created_sclk_s_1_l_bk2                           |           813            
RUN-1001 :    3    |  u_ph1p35_324_ddr_wrapper/u_ddr2/ph1p_ddrmc_wrapper/ph1p_ddrmc_top/u_ddr_phy/u_ddrphy_top/u_ddrphy/apb_pclk_syn_1  |  (infered sclk)   |  u_ph1p35_324_ddr_wrapper/u_ddr2/ph1p_ddrmc_wrapper/ph1p_ddrmc_top/u_ddr_phy/u_ddrphy_top/u_ddrphy/apb_pclk_created_gclkinst_auto_created_sclk_s_1_l_bk3  |            25            
RUN-1001 :    4    |                                             u_hdmi_mixer/I_clk_syn_657                                             |  (infered sclk)   |                                              u_hdmi_mixer/I_clk_created_gclkinst_auto_created_sclk_s_1_l_bk4                                              |            14            
RUN-1001 : ----------------------------------------------------------------------------------------------------------------------------------------------------------------------------------------------------------------------------------------------------------------------------------------------------------------------------------------
RUN-1001 : Clock Region s_1_r [24,40][43,79]; Utilization: 5 out of 12
RUN-1001 : ------------------------------------------------------------------------------------------------------------------------------------------------------------------------------------------------------------------------------------------------------------------------------------------------------------------------------
RUN-1001 :   Bank  |                                               Leading Clock                                                |       Type        |                                                                         Buffer                                                                          |  Regional Clock Fanouts  
RUN-1001 : ------------------------------------------------------------------------------------------------------------------------------------------------------------------------------------------------------------------------------------------------------------------------------------------------------------------------------
RUN-1001 :    1    |            u_mipi_dphy_rx_ph1p_mipiio_wrapper/u_ph1p_mipiio_rx_wrapper/u_lane0_hs_detect/I_clk             |  (infered sclk)   |                                                     u_PLL/bufg_feedback_auto_created_sclk_s_1_r_bk1                                                     |            1             
RUN-1001 :    2    |                                         u_hdmi_mixer/I_clk_syn_657                                         |  (infered sclk)   |                                             u_hdmi_mixer/I_clk_created_gclkinst_auto_created_sclk_s_1_r_bk2                                             |           714            
RUN-1001 :    3    |  u_isp_top/u_demosaic/raw_matrix_3x3_buffer_d/zhenghe_d/blk_mem_gen_zhenghe_d1/ram_d32970204f32_Inst/clkb  |  (infered sclk)   |                          u_mipi_dphy_rx_ph1p_mipiio_wrapper/u_ph1p_mipiio_rx_wrapper/bufg_feedback_auto_created_sclk_s_1_r_bk3                          |           170            
RUN-1001 :    4    |                      u_hdmi_tx/u_hdmi2phy_wrapper/u0_lane_lvds_8_1/I_serial_clk_syn_1                      |  (infered sclk)   |                         u_hdmi_tx/u_hdmi2phy_wrapper/u0_lane_lvds_8_1/I_serial_clk_created_gclkinst_auto_created_sclk_s_1_r_bk4                         |            35            
RUN-1001 :    5    |             u_ph1p35_324_ddr_wrapper/u_ddr2/ph1p_ddrmc_wrapper/ph1p_ddrmc_top/u_alc_mc_top/clk             |  (infered sclk)   |  u_ph1p35_324_ddr_wrapper/u_ddr2/ph1p_ddrmc_wrapper/ph1p_ddrmc_top/u_ddr_phy/u_ddrphy_top/u_ddrphy_clk/u_pll1/u_bufg_fbclk_auto_created_sclk_s_1_r_bk5  |            1             
RUN-1001 : ------------------------------------------------------------------------------------------------------------------------------------------------------------------------------------------------------------------------------------------------------------------------------------------------------------------------------
PHY-1001 : Populate physical database on model design_top_wrapper.
PHY-1001 : Route runs in 20 thread(s)
RUN-1001 : There are total 11720 instances
RUN-1001 : 568 mslices, 10548 lslices, 53 pads, 39 brams, 13 dsps
RUN-1001 : There are total 23774 nets
RUN-1001 : 16076 nets have 2 pins
RUN-1001 : 4606 nets have [3 - 5] pins
RUN-1001 : 1952 nets have [6 - 10] pins
RUN-1001 : 606 nets have [11 - 20] pins
RUN-1001 : 502 nets have [21 - 99] pins
RUN-1001 : 32 nets have 100+ pins
RUN-1002 : start command "start_timer"
RUN-1003 : finish command "start_timer" in  1.475420s wall, 1.453125s user + 0.000000s system = 1.453125s CPU (98.5%)

RUN-1004 : used memory is 1094 MB, reserved memory is 1230 MB, peak memory is 1094 MB
PHY-1001 : 568 mslices, 10548 lslices, 53 pads, 39 brams, 13 dsps

PHY-1001 : Stage 1 | Global Routing
PHY-1001 : Start global routing, caller is route ...
RUN-1001 : Generating global routing grids ...
PHY-1001 : Generate routing nets ...
RUN-1001 : Generate nets statistics:
RUN-1001 : ----------------------------
RUN-1001 :        Type       |  Nets   
RUN-1001 : ----------------------------
RUN-1001 :   TotalRouteNets  |  17536  
RUN-1001 :   DontRouteNets   |  5731   
RUN-1001 :     RouteNets     |  11805  
RUN-1001 :     RouteSinks    |  30270  
RUN-1001 : ----------------------------
PHY-1001 : Global iterations in 20 thread ...
PHY-1002 : len = 1.48712e+06, over cnt = 1442(2%), over = 2509, worst = 9
PHY-1002 : len = 1.51696e+06, over cnt = 857(1%), over = 1303, worst = 7
PHY-1002 : len = 1.53803e+06, over cnt = 377(0%), over = 544, worst = 6
PHY-1002 : len = 1.55658e+06, over cnt = 0(0%), over = 0, worst = 0
PHY-1001 : End global iterations;  1.234818s wall, 1.609375s user + 0.000000s system = 1.609375s CPU (130.3%)

PHY-1001 : Congestion index:
PHY-1001 : top1  = 74.33(S 58.20, N 51.47, E 63.13, W 71.46, I 70.83, O 74.01)
PHY-1001 : top5  = 60.55(S 47.70, N 41.10, E 48.70, W 52.68, I 54.29, O 55.50)
PHY-1001 : top10 = 53.93(S 41.49, N 35.94, E 42.21, W 44.74, I 48.61, O 47.43)
PHY-1001 : top15 = 49.90(S 37.54, N 32.64, E 37.96, W 39.71, I 45.00, O 42.38)
PHY-1001 : End global routing;  1.510041s wall, 1.890625s user + 0.000000s system = 1.890625s CPU (125.2%)

PHY-1001 : End Stage 1 | Global Routing; Time: 1.510118s wall, 1.890625s user + 0.000000s system = 1.890625s CPU (125.2%); Memory(MB): used = 1095, reserved = 1231, peak = 1095;

PHY-1001 : Stage 2 | Detail Routing
PHY-1001 : Stage 2.1 | Build Routing Design
PHY-1001 : Routing in high effort: false
PHY-1001 : Routing Mode: normal
PHY-1001 : Generate detailed routing grids ...
RUN-1001 : Constructing routing connections ...
PHY-1001 : End build routing graph; 1.733821s wall, 9.859375s user + 0.093750s system = 9.953125s CPU (574.1%)

PHY-1001 : Generate nets ...
RUN-1001 : Generate nets statistics:
RUN-1001 : ------------------------------
RUN-1001 :         Type        |  Nets   
RUN-1001 : ------------------------------
RUN-1001 :        Route        |  17879  
RUN-1001 :      DontRoute      |  5895   
RUN-1001 :      RouteSinks     |  67610  
RUN-1001 :   RouteEntitySinks  |    0    
RUN-1001 :       Lut2Dff       |    0    
RUN-1001 :       Ram2Dff       |    0    
RUN-1001 :      Carry2Dff      |    0    
RUN-1001 : ------------------------------
RUN-1001 : DR clock net summary:
RUN-1001 : ---------------------------------------------------------------------------------------------------------------------------------------------------
RUN-1001 :   Net Idx  |                                                        Net Name                                                        |  Clock Type  
RUN-1001 : ---------------------------------------------------------------------------------------------------------------------------------------------------
RUN-1001 :      1     |                                                    I_sys_clk_dup_6                                                     |    Normal    
RUN-1001 :      2     |                                                    I_sys_clk_syn_8                                                     |    Normal    
RUN-1001 :      3     |                                                    O_cam_24m_dup_1                                                     |    Normal    
RUN-1001 :      4     |                                                    O_cam_24m_syn_3                                                     |    Normal    
RUN-1001 :      5     |                                                     u_PLL/clk0_buf                                                     |    Normal    
RUN-1001 :      6     |                                                   u_hdmi_mixer/I_clk                                                   |    Normal    
RUN-1001 :      7     |                                               u_hdmi_mixer/I_clk_syn_657                                               |    Normal    
RUN-1001 :      8     |                               u_hdmi_tx/u_hdmi2phy_wrapper/u0_lane_lvds_8_1/I_serial_clk                               |    Normal    
RUN-1001 :      9     |                            u_hdmi_tx/u_hdmi2phy_wrapper/u0_lane_lvds_8_1/I_serial_clk_syn_1                            |    Normal    
RUN-1001 :     10     |        u_isp_top/u_demosaic/raw_matrix_3x3_buffer_d/zhenghe_d/blk_mem_gen_zhenghe_d1/ram_d32970204f32_Inst/clkb        |    Normal    
RUN-1001 :     11     |                     u_mipi_dphy_rx_ph1p_mipiio_wrapper/u_ph1p_mipiio_rx_wrapper/S_mipiio_hs_rx_clk                     |    Normal    
RUN-1001 :     12     |                  u_mipi_dphy_rx_ph1p_mipiio_wrapper/u_ph1p_mipiio_rx_wrapper/u_lane0_hs_detect/I_clk                   |    Normal    
RUN-1001 :     13     |                   u_ph1p35_324_ddr_wrapper/u_ddr2/ph1p_ddrmc_wrapper/ph1p_ddrmc_top/u_alc_mc_top/clk                   |    Normal    
RUN-1001 :     14     |       u_ph1p35_324_ddr_wrapper/u_ddr2/ph1p_ddrmc_wrapper/ph1p_ddrmc_top/u_ddr_phy/u_ddrphy_top/u_ddrphy/apb_pclk       |    Normal    
RUN-1001 :     15     |    u_ph1p35_324_ddr_wrapper/u_ddr2/ph1p_ddrmc_wrapper/ph1p_ddrmc_top/u_ddr_phy/u_ddrphy_top/u_ddrphy/apb_pclk_syn_1    |    Normal    
RUN-1001 :     16     |      u_ph1p35_324_ddr_wrapper/u_ddr2/ph1p_ddrmc_wrapper/ph1p_ddrmc_top/u_ddr_phy/u_ddrphy_top/u_ddrphy/ctl_clk[0]      |    Normal    
RUN-1001 :     17     |      u_ph1p35_324_ddr_wrapper/u_ddr2/ph1p_ddrmc_wrapper/ph1p_ddrmc_top/u_ddr_phy/u_ddrphy_top/u_ddrphy/ctl_clk[1]      |    Normal    
RUN-1001 :     18     |      u_ph1p35_324_ddr_wrapper/u_ddr2/ph1p_ddrmc_wrapper/ph1p_ddrmc_top/u_ddr_phy/u_ddrphy_top/u_ddrphy/ddr_clk[0]      |    Normal    
RUN-1001 :     19     |      u_ph1p35_324_ddr_wrapper/u_ddr2/ph1p_ddrmc_wrapper/ph1p_ddrmc_top/u_ddr_phy/u_ddrphy_top/u_ddrphy/ddr_clk[1]      |    Normal    
RUN-1001 :     20     |    u_ph1p35_324_ddr_wrapper/u_ddr2/ph1p_ddrmc_wrapper/ph1p_ddrmc_top/u_ddr_phy/u_ddrphy_top/u_ddrphy_clk/pll0_clk_1    |    Normal    
RUN-1001 :     21     |    u_ph1p35_324_ddr_wrapper/u_ddr2/ph1p_ddrmc_wrapper/ph1p_ddrmc_top/u_ddr_phy/u_ddrphy_top/u_ddrphy_clk/pll0_clk_2    |    Normal    
RUN-1001 :     22     |   u_ph1p35_324_ddr_wrapper/u_ddr2/ph1p_ddrmc_wrapper/ph1p_ddrmc_top/u_ddr_phy/u_ddrphy_top/u_ddrphy_clk/pll0_mlclk_1   |    Normal    
RUN-1001 :     23     |   u_ph1p35_324_ddr_wrapper/u_ddr2/ph1p_ddrmc_wrapper/ph1p_ddrmc_top/u_ddr_phy/u_ddrphy_top/u_ddrphy_clk/pll0_mlclk_2   |    Normal    
RUN-1001 :     24     |  u_ph1p35_324_ddr_wrapper/u_ddr2/ph1p_ddrmc_wrapper/ph1p_ddrmc_top/u_ddr_phy/u_ddrphy_top/u_ddrphy_clk/u_pll1/clkc[0]  |    Normal    
RUN-1001 :     25     |  u_ph1p35_324_ddr_wrapper/u_ddr2/ph1p_ddrmc_wrapper/ph1p_ddrmc_top/u_ddr_phy/u_ddrphy_top/u_ddrphy_clk/u_pll1/refclk   |    Normal    
RUN-1001 :     26     |                                               u_uicfgcs520/u_i2c/scl_clk                                               |    Normal    
RUN-1001 :     27     |                                           u_uicfgcs520/u_i2c/scl_clk_syn_105                                           |    Normal    
RUN-1001 : ---------------------------------------------------------------------------------------------------------------------------------------------------
RUN-1001 : DR clock buffer summary:
RUN-1001 : -------------------------------------------------------------------------------------------------------------------------------------------------------------------
RUN-1001 :   Idx  |                                                                           Name                                                                            
RUN-1001 : -------------------------------------------------------------------------------------------------------------------------------------------------------------------
RUN-1001 :    1   |   u_ph1p35_324_ddr_wrapper/u_ddr2/ph1p_ddrmc_wrapper/ph1p_ddrmc_top/u_ddr_phy/u_ddrphy_top/u_ddrphy_clk/u_pll1/u_bufg_fbclk_auto_created_sclk_s_0_l_bk1   
RUN-1001 :    2   |                           u_mipi_dphy_rx_ph1p_mipiio_wrapper/u_ph1p_mipiio_rx_wrapper/bufg_feedback_auto_created_sclk_s_0_l_bk2                           
RUN-1001 :    3   |                                              u_hdmi_mixer/I_clk_created_gclkinst_auto_created_sclk_s_0_l_bk3                                              
RUN-1001 :    4   |                                               O_cam_24m_dup_1_created_gclkinst_auto_created_sclk_s_0_l_bk4                                                
RUN-1001 :    5   |                                               I_sys_clk_dup_6_created_gclkinst_auto_created_sclk_s_0_l_bk5                                                
RUN-1001 :    6   |                                          u_uicfgcs520/u_i2c/scl_clk_created_gclkinst_auto_created_sclk_s_0_l_bk6                                          
RUN-1001 :    7   |  u_ph1p35_324_ddr_wrapper/u_ddr2/ph1p_ddrmc_wrapper/ph1p_ddrmc_top/u_ddr_phy/u_ddrphy_top/u_ddrphy/apb_pclk_created_gclkinst_auto_created_sclk_s_0_l_bk7  
RUN-1001 :    8   |                           u_mipi_dphy_rx_ph1p_mipiio_wrapper/u_ph1p_mipiio_rx_wrapper/bufg_feedback_auto_created_sclk_s_0_r_bk1                           
RUN-1001 :    9   |                                              u_hdmi_mixer/I_clk_created_gclkinst_auto_created_sclk_s_0_r_bk2                                              
RUN-1001 :   10   |                                                      u_PLL/bufg_feedback_auto_created_sclk_s_0_r_bk3                                                      
RUN-1001 :   11   |   u_ph1p35_324_ddr_wrapper/u_ddr2/ph1p_ddrmc_wrapper/ph1p_ddrmc_top/u_ddr_phy/u_ddrphy_top/u_ddrphy_clk/u_pll1/u_bufg_fbclk_auto_created_sclk_s_1_l_bk1   
RUN-1001 :   12   |                           u_mipi_dphy_rx_ph1p_mipiio_wrapper/u_ph1p_mipiio_rx_wrapper/bufg_feedback_auto_created_sclk_s_1_l_bk2                           
RUN-1001 :   13   |  u_ph1p35_324_ddr_wrapper/u_ddr2/ph1p_ddrmc_wrapper/ph1p_ddrmc_top/u_ddr_phy/u_ddrphy_top/u_ddrphy/apb_pclk_created_gclkinst_auto_created_sclk_s_1_l_bk3  
RUN-1001 :   14   |                                              u_hdmi_mixer/I_clk_created_gclkinst_auto_created_sclk_s_1_l_bk4                                              
RUN-1001 :   15   |                                                      u_PLL/bufg_feedback_auto_created_sclk_s_1_r_bk1                                                      
RUN-1001 :   16   |                                              u_hdmi_mixer/I_clk_created_gclkinst_auto_created_sclk_s_1_r_bk2                                              
RUN-1001 :   17   |                           u_mipi_dphy_rx_ph1p_mipiio_wrapper/u_ph1p_mipiio_rx_wrapper/bufg_feedback_auto_created_sclk_s_1_r_bk3                           
RUN-1001 :   18   |                          u_hdmi_tx/u_hdmi2phy_wrapper/u0_lane_lvds_8_1/I_serial_clk_created_gclkinst_auto_created_sclk_s_1_r_bk4                          
RUN-1001 :   19   |   u_ph1p35_324_ddr_wrapper/u_ddr2/ph1p_ddrmc_wrapper/ph1p_ddrmc_top/u_ddr_phy/u_ddrphy_top/u_ddrphy_clk/u_pll1/u_bufg_fbclk_auto_created_sclk_s_1_r_bk5   
RUN-1001 : -------------------------------------------------------------------------------------------------------------------------------------------------------------------
PHY-1001 : End Stage 2.1 | Build Routing Design; Time: 1.994724s wall, 10.109375s user + 0.109375s system = 10.218750s CPU (512.3%); Memory(MB): used = 1370, reserved = 1389, peak = 1370;

RUN-1001 : Top Percentage Crit. Net Stat.
RUN-1001 : --------------------------------------------------------
RUN-1001 :   Top %  |  Net Count  |  Avg. Fanout  |   Avg. Slack   
RUN-1001 : --------------------------------------------------------
RUN-1001 :     1    |     237     |   2.902954    |  -4029.405063  
RUN-1001 :     2    |     475     |   3.490526    |  -2583.330526  
RUN-1001 :     3    |     713     |   4.862553    |  -1696.126227  
RUN-1001 :     4    |     950     |   5.432632    |  -1125.341053  
RUN-1001 :     5    |    1188     |   5.614478    |  -740.118687   
RUN-1001 :     6    |    1426     |   5.332398    |  -461.142356   
RUN-1001 :     7    |    1664     |   5.412260    |  -246.254808   
RUN-1001 :     8    |    1901     |   5.198843    |   -73.136770   
RUN-1001 :     9    |    2139     |   5.060776    |   72.868630    
RUN-1001 :    10    |    2377     |   4.938157    |   199.752629   
RUN-1001 : --------------------------------------------------------
PHY-1001 : Stage 2.2 | Tile Base Routing
PHY-1001 : 188 nets need to preroute.
PHY-1001 : len = 0, over cnt = 0(0%), over = 0, worst = 0, crit = 0
PHY-1001 : End Stage 2.2 | Tile Base Routing; Time: 0.151760s wall, 2.046875s user + 0.000000s system = 2.046875s CPU (1348.8%); Memory(MB): used = 1372, reserved = 1392, peak = 1372;

PHY-1001 : Stage 2.3 | Clock Nets Routing
PHY-1001 : Routed 0% nets.
PHY-1001 : len = 294928, over cnt = 0(0%), over = 0, worst = 0, crit = 0
PHY-1001 : End Stage 2.3 | Clock Nets Routing; Time: 0.556601s wall, 0.781250s user + 0.000000s system = 0.781250s CPU (140.4%); Memory(MB): used = 1410, reserved = 1429, peak = 1410;

PHY-1001 : Stage 2.4 | Routing Initialization
PHY-1001 : Mark 1% net(place mode slack < -3442ps) as critical nets.
PHY-1001 : Stage 2.4.1 | Normal Nets Routing
PHY-1001 : Routed 71% nets.
PHY-1001 : len = 2.53667e+06, over cnt = 9019(0%), over = 9475, worst = 4, crit = 0
PHY-1001 : End Stage 2.4.1 | Normal Nets Routing; Time: 5.931887s wall, 10.500000s user + 0.031250s system = 10.531250s CPU (177.5%); Memory(MB): used = 1449, reserved = 1469, peak = 1449;

PHY-1001 : Stage 2.4.2 | Update Timing
RUN-1002 : start command "start_timer"
USR-1002 : Derived clock:  create_generated_clock -name {u_PLL/ph1p_phy_pll_wrapper_25a56e5ce2f9_Inst/u_PH1P_PHY_PLL.clkc[0]} -source [get_ports {I_sys_clk}] -master_clock {sys_clk_50m} -multiply_by 2.0000 -duty_cycle 50.0000 [get_pins {u_PLL/ph1p_phy_pll_wrapper_25a56e5ce2f9_Inst/u_PH1P_PHY_PLL.clkc[0]}]
USR-1002 : Derived clock:  create_generated_clock -name {u_PLL/ph1p_phy_pll_wrapper_25a56e5ce2f9_Inst/u_PH1P_PHY_PLL.clkc[1]} -source [get_ports {I_sys_clk}] -master_clock {sys_clk_50m} -divide_by 2.1000 -duty_cycle 50.0000 [get_pins {u_PLL/ph1p_phy_pll_wrapper_25a56e5ce2f9_Inst/u_PH1P_PHY_PLL.clkc[1]}]
USR-1002 : Derived clock:  create_generated_clock -name {u_PLL/ph1p_phy_pll_wrapper_25a56e5ce2f9_Inst/u_PH1P_PHY_PLL.clkc[4]} -source [get_ports {I_sys_clk}] -master_clock {sys_clk_50m} -multiply_by 1.5000 -duty_cycle 50.0000 [get_pins {u_PLL/ph1p_phy_pll_wrapper_25a56e5ce2f9_Inst/u_PH1P_PHY_PLL.clkc[4]}]
USR-1002 : Derived clock:  create_generated_clock -name {u_PLL/ph1p_phy_pll_wrapper_25a56e5ce2f9_Inst/u_PH1P_PHY_PLL.clkc[5]} -source [get_ports {I_sys_clk}] -master_clock {sys_clk_50m} -multiply_by 7.5000 -duty_cycle 50.0000 [get_pins {u_PLL/ph1p_phy_pll_wrapper_25a56e5ce2f9_Inst/u_PH1P_PHY_PLL.clkc[5]}]
USR-1002 : Derived clock:  create_generated_clock -name {u_ph1p35_324_ddr_wrapper/u_ddr2/ph1p_ddrmc_wrapper/ph1p_ddrmc_top/u_ddr_phy/u_ddrphy_top/u_ddrphy_clk/u_pll0/u_pll_inst.clkc[0]} -source [get_ports {I_sys_clk}] -master_clock {sys_clk_50m} -multiply_by 1.3333 -duty_cycle 50.0000 [get_pins {u_ph1p35_324_ddr_wrapper/u_ddr2/ph1p_ddrmc_wrapper/ph1p_ddrmc_top/u_ddr_phy/u_ddrphy_top/u_ddrphy_clk/u_pll0/u_pll_inst.clkc[0]}]
USR-1002 : Derived clock:  create_generated_clock -name {u_ph1p35_324_ddr_wrapper/u_ddr2/ph1p_ddrmc_wrapper/ph1p_ddrmc_top/u_ddr_phy/u_ddrphy_top/u_ddrphy_clk/u_pll0/u_pll_inst.clkc[1]} -source [get_ports {I_sys_clk}] -master_clock {sys_clk_50m} -multiply_by 1.3333 -duty_cycle 50.0000 [get_pins {u_ph1p35_324_ddr_wrapper/u_ddr2/ph1p_ddrmc_wrapper/ph1p_ddrmc_top/u_ddr_phy/u_ddrphy_top/u_ddrphy_clk/u_pll0/u_pll_inst.clkc[1]}]
USR-1002 : Derived clock:  create_generated_clock -name {u_ph1p35_324_ddr_wrapper/u_ddr2/ph1p_ddrmc_wrapper/ph1p_ddrmc_top/u_ddr_phy/u_ddrphy_top/u_ddrphy_clk/u_pll0/u_pll_inst.clkc[2]} -source [get_ports {I_sys_clk}] -master_clock {sys_clk_50m} -multiply_by 5.3333 -duty_cycle 50.0000 [get_pins {u_ph1p35_324_ddr_wrapper/u_ddr2/ph1p_ddrmc_wrapper/ph1p_ddrmc_top/u_ddr_phy/u_ddrphy_top/u_ddrphy_clk/u_pll0/u_pll_inst.clkc[2]}]
USR-1002 : Derived clock:  create_generated_clock -name {u_ph1p35_324_ddr_wrapper/u_ddr2/ph1p_ddrmc_wrapper/ph1p_ddrmc_top/u_ddr_phy/u_ddrphy_top/u_ddrphy_clk/u_pll0/u_pll_inst.clkc[3]} -source [get_ports {I_sys_clk}] -master_clock {sys_clk_50m} -divide_by 1.9687 -duty_cycle 50.0000 [get_pins {u_ph1p35_324_ddr_wrapper/u_ddr2/ph1p_ddrmc_wrapper/ph1p_ddrmc_top/u_ddr_phy/u_ddrphy_top/u_ddrphy_clk/u_pll0/u_pll_inst.clkc[3]}]
USR-1002 : Derived clock:  create_generated_clock -name {u_ph1p35_324_ddr_wrapper/u_ddr2/ph1p_ddrmc_wrapper/ph1p_ddrmc_top/u_ddr_phy/u_ddrphy_top/u_ddrphy_clk/u_pll1/u_pll_inst.clkc[0]} -source [get_pins {u_ph1p35_324_ddr_wrapper/u_ddr2/ph1p_ddrmc_wrapper/ph1p_ddrmc_top/u_ddr_phy/u_ddrphy_top/u_ddrphy_clk/u_pll0/u_pll_inst.clkc[0]}] -master_clock {u_ph1p35_324_ddr_wrapper/u_ddr2/ph1p_ddrmc_wrapper/ph1p_ddrmc_top/u_ddr_phy/u_ddrphy_top/u_ddrphy_clk/u_pll0/u_pll_inst.clkc[0]} -multiply_by 1.0000 -duty_cycle 50.0000 [get_pins {u_ph1p35_324_ddr_wrapper/u_ddr2/ph1p_ddrmc_wrapper/ph1p_ddrmc_top/u_ddr_phy/u_ddrphy_top/u_ddrphy_clk/u_pll1/u_pll_inst.clkc[0]}]
9.660000
15.000000
15.000000
13.333000
RUN-1003 : finish command "start_timer" in  1.325310s wall, 1.328125s user + 0.000000s system = 1.328125s CPU (100.2%)

RUN-1004 : used memory is 1450 MB, reserved memory is 1470 MB, peak memory is 1450 MB
TMR-2502 : Net delay update with mode: Routed
PHY-1001 : 2342/17536(13%) critical/total net(s).
PHY-1001 : Setup: WNS(ns) = -5.181, TNS(ns) = -1519.252, FEP = 386 | Hold: WNS(ns) = -0.239, TNS(ns) = -13.919, FEP = 292.
PHY-1001 : End Stage 2.4.2 | Update Timing; Time: 3.688450s wall, 3.656250s user + 0.000000s system = 3.656250s CPU (99.1%); Memory(MB): used = 1569, reserved = 1589, peak = 1569;

PHY-1001 : Stage 2.4.3 | Deskew Clock Tree
RUN-1001 : Deskew Summary
RUN-1001 : ---------------------------------------------------------------------------------------------------------------------------------
RUN-1001 :                                                 Clock                                                 |  Pre-Skew  |  Post-Skew  
RUN-1001 : ---------------------------------------------------------------------------------------------------------------------------------
RUN-1001 :                                             mipi_rx_ck_pad                                            |     32     |     32      
RUN-1001 :   u_mipi_dphy_rx_ph1p_mipiio_wrapper/u_ph1p_mipiio_rx_wrapper/u_PH1P_LOGIC_DPHY_MIPI_RX.io_clk_pad_p  |     32     |     32      
RUN-1001 :                                            MIPI_RX_BYTE_CLK                                           |     32     |     32      
RUN-1001 :                                              pll_clk_100m                                             |     20     |     20      
RUN-1001 :                                             HDMI_PIXEL_CLK                                            |     16     |     16      
RUN-1001 :                                u_ph1p35_324_ddr_wrapper/u_ddr2/usr_clk                                |     12     |     12      
RUN-1001 :                                u_ph1p35_324_ddr_wrapper/u_ddr2/mcu_clk                                |     12     |     12      
RUN-1001 : ---------------------------------------------------------------------------------------------------------------------------------
PHY-1001 : 2342/17536(13%) critical/total net(s).
PHY-1001 : Setup: WNS(ns) = -5.181, TNS(ns) = -1519.252, FEP = 386 | Hold: WNS(ns) = -0.239, TNS(ns) = -13.919, FEP = 292.
PHY-1001 : End Stage 2.4.3 | Deskew Clock Tree; Time: 2.633849s wall, 2.625000s user + 0.015625s system = 2.640625s CPU (100.3%); Memory(MB): used = 1602, reserved = 1620, peak = 1602;

PHY-1001 : End Stage 2.4 | Routing Initialization; Time: 12.315457s wall, 16.843750s user + 0.046875s system = 16.890625s CPU (137.1%); Memory(MB): used = 1602, reserved = 1620, peak = 1602;

PHY-1001 : Stage 2.5 | Routing Optimization
PHY-1001 : Build lut bridge;  0.101404s wall, 0.093750s user + 0.000000s system = 0.093750s CPU (92.5%)

PHY-1001 : Stage 2.5.1 | Phase 1
PHY-1001 : Stage 2.5.1.1 | Hold TimeOptimization
PHY-1001 : Iter 0; Processed 363 pins with HWNS -0.239ns HTNS -6.925ns FEP 155 took 0.259807 seconds.
PHY-1001 : Iter 1; Processed 524 pins with HWNS -0.011ns HTNS -0.031ns FEP 4 took 0.83274 seconds.
PHY-1001 : len = 2.57078e+06, over cnt = 8937(0%), over = 9389, worst = 4, crit = 0
PHY-1001 : End Stage 2.5.1.1 | Hold TimeOptimization; Time: 1.130688s wall, 1.265625s user + 0.000000s system = 1.265625s CPU (111.9%); Memory(MB): used = 1603, reserved = 1622, peak = 1603;

PHY-1001 : Stage 2.5.1.2 | High Fanout Nets Optimization
PHY-1001 : High fanout net optimize summary:
PHY-1001 : Process 15 nets and 23 pins with SWNS -5.181ns STNS -1518.199ns FEP 385.
PHY-1001 : len = 2.57402e+06, over cnt = 8943(0%), over = 9396, worst = 4, crit = 0
PHY-1001 : End Stage 2.5.1.2 | High Fanout Nets Optimization; Time: 0.522416s wall, 0.687500s user + 0.000000s system = 0.687500s CPU (131.6%); Memory(MB): used = 1604, reserved = 1623, peak = 1604;

PHY-1001 : Stage 2.5.1.3 | Setup TimeOptimization
PHY-1001 : Start to optimize setup violation with net base ...
PHY-1001 : Iter 1; Process 1332 nets with SWNS -5.295ns STNS -1550.960ns FEP 385 took 1.07228 seconds
PHY-1001 : Iter 2; Process 675 nets with SWNS -5.146ns STNS -1533.113ns FEP 381 took 1.01104 seconds
PHY-1001 : Iter 3; Process 276 nets with SWNS -5.159ns STNS -1529.036ns FEP 380 took 0.979952 seconds
PHY-1001 : Iter 4; Process 112 nets with SWNS -5.159ns STNS -1517.582ns FEP 371 took 1.36735 seconds
PHY-1001 : Iter 5; Processed 68 pins with SWNS -5.159ns STNS -1514.191ns FEP 362 took 9.10619 seconds.
PHY-1001 : len = 2.68302e+06, over cnt = 9080(0%), over = 9507, worst = 3, crit = 0
PHY-1001 : End Stage 2.5.1.3 | Setup TimeOptimization; Time: 13.785618s wall, 19.406250s user + 0.171875s system = 19.578125s CPU (142.0%); Memory(MB): used = 1606, reserved = 1625, peak = 1606;

PHY-1001 : Stage 2.5.1.4 | Rip-up And ReRoute
PHY-0007 : Congestion: {81.35, 67.58, 61.73, 58.18}; Timing: {-5.159ns, -1514.191ns, 362}
PHY-1001 : Iter 1: len = 2.70858e+06, over cnt = 4673(0%), over = 4784, worst = 3, crit = 0, time(s) = 1.83
PHY-1001 : Iter 2: len = 2.70861e+06, over cnt = 2918(0%), over = 2953, worst = 2, crit = 0, time(s) = 1.29
PHY-1001 : Iter 3: len = 2.70904e+06, over cnt = 2251(0%), over = 2275, worst = 3, crit = 0, time(s) = 0.85
PHY-1001 : Iter 4: len = 2.73493e+06, over cnt = 1014(0%), over = 1029, worst = 3, crit = 0, time(s) = 0.86
PHY-1001 : Iter 5: len = 2.74067e+06, over cnt = 744(0%), over = 758, worst = 3, crit = 0, time(s) = 0.52
PHY-1001 : Iter 6: len = 2.74091e+06, over cnt = 652(0%), over = 667, worst = 3, crit = 0, time(s) = 0.34
PHY-1001 : Iter 7: len = 2.7423e+06, over cnt = 606(0%), over = 621, worst = 3, crit = 0, time(s) = 0.30
PHY-1001 : Marking 22 (0.57%) hot zones with cutoff utilization 81.08.
PHY-1001 : Iter 8: len = 2.76368e+06, over cnt = 138(0%), over = 139, worst = 2, crit = 0, time(s) = 0.77
PHY-1001 : Iter 9: len = 2.76494e+06, over cnt = 91(0%), over = 91, worst = 1, crit = 0, time(s) = 0.31
PHY-1001 : Iter 10: len = 2.76902e+06, over cnt = 29(0%), over = 29, worst = 1, crit = 0, time(s) = 0.16
PHY-1001 : Iter 11: len = 2.76941e+06, over cnt = 16(0%), over = 16, worst = 1, crit = 0, time(s) = 0.12
PHY-1001 : Iter 12: len = 2.7703e+06, over cnt = 1(0%), over = 1, worst = 1, crit = 0, time(s) = 0.26
PHY-1001 : Marking 22 (0.57%) hot zones with cutoff utilization 81.08.
PHY-1001 : Iter 13: len = 2.77027e+06, over cnt = 0(0%), over = 0, worst = 0, crit = 0, time(s) = 0.04
PHY-1001 : Marking 22 (0.57%) hot zones with cutoff utilization 81.08.
PHY-1001 : Update congestion ...
PHY-1001 : Marking 22 (0.57%) hot zones with cutoff utilization 81.08.
PHY-1001 : Congestion index:
PHY-1001 : top1  = 82.82(S 68.07, N 61.60, E 72.89, W 81.27, I 70.83, O 74.01)
PHY-1001 : top5  = 71.48(S 58.46, N 53.04, E 60.09, W 67.78, I 54.29, O 55.50)
PHY-1001 : top10 = 65.72(S 53.59, N 48.26, E 53.49, W 61.27, I 48.61, O 47.43)
PHY-1001 : top15 = 62.32(S 50.26, N 44.91, E 48.83, W 56.67, I 45.00, O 42.38)
PHY-1001 : End update congestion; 0.018353s wall, 0.000000s user + 0.015625s system = 0.015625s CPU (85.1%)

PHY-1001 : End Stage 2.5.1.4 | Rip-up And ReRoute; Time: 7.825723s wall, 16.921875s user + 0.203125s system = 17.125000s CPU (218.8%); Memory(MB): used = 1608, reserved = 1627, peak = 1608;

PHY-1001 : Stage 2.5.1.5 | Update Timing
PHY-1001 : 2773/17536(15%) critical/total net(s).
PHY-1001 : Setup: WNS(ns) = -6.553, TNS(ns) = -1868.019, FEP = 386 | Hold: WNS(ns) = -0.147, TNS(ns) = -1.375, FEP = 27.
PHY-1001 : End Stage 2.5.1.5 | Update Timing; Time: 1.411731s wall, 1.406250s user + 0.000000s system = 1.406250s CPU (99.6%); Memory(MB): used = 1621, reserved = 1640, peak = 1621;

PHY-1001 : Stage 2.5.1.6 | Commit Data
PHY-1001 : Commit better result to database ...
PHY-1001 : End Stage 2.5.1.6 | Commit Data; Time: 0.080204s wall, 0.062500s user + 0.000000s system = 0.062500s CPU (77.9%); Memory(MB): used = 1638, reserved = 1657, peak = 1638;

PHY-1001 : End Stage 2.5.1 | Phase 1; Time: 25.092212s wall, 40.046875s user + 0.406250s system = 40.453125s CPU (161.2%); Memory(MB): used = 1638, reserved = 1657, peak = 1638;

PHY-1001 : Stage 2.5.2 | Phase 2
PHY-1001 : Stage 2.5.2.1 | Hold TimeOptimization
PHY-1001 : Iter 0; Processed 44 pins with HWNS -0.058ns HTNS -0.214ns FEP 9 took 0.0743265 seconds.
PHY-1001 : Iter 1; Processed 63 pins with HWNS 0.009ns HTNS 0.000ns FEP 0 took 0.0787479 seconds.
PHY-1001 : len = 2.77373e+06, over cnt = 14(0%), over = 15, worst = 2, crit = 0
PHY-1001 : End Stage 2.5.2.1 | Hold TimeOptimization; Time: 0.203298s wall, 0.187500s user + 0.000000s system = 0.187500s CPU (92.2%); Memory(MB): used = 1638, reserved = 1657, peak = 1638;

PHY-1001 : Stage 2.5.2.2 | High Fanout Nets Optimization
PHY-1001 : High fanout net optimize summary:
PHY-1001 : Process 26 nets and 40 pins with SWNS -6.553ns STNS -1867.664ns FEP 386.
PHY-1001 : len = 2.77446e+06, over cnt = 19(0%), over = 20, worst = 2, crit = 0
PHY-1001 : End Stage 2.5.2.2 | High Fanout Nets Optimization; Time: 0.714257s wall, 0.968750s user + 0.015625s system = 0.984375s CPU (137.8%); Memory(MB): used = 1638, reserved = 1657, peak = 1638;

PHY-1001 : Stage 2.5.2.3 | Setup TimeOptimization
PHY-1001 : Start to optimize setup violation with net base ...
PHY-1001 : Iter 1; Process 1568 nets with SWNS -6.054ns STNS -1673.847ns FEP 386 took 1.06063 seconds
PHY-1001 : Iter 2; Process 680 nets with SWNS -5.359ns STNS -1580.502ns FEP 386 took 1.09483 seconds
PHY-1001 : Iter 3; Process 386 nets with SWNS -5.349ns STNS -1557.258ns FEP 386 took 1.17288 seconds
PHY-1001 : Iter 4; Process 133 nets with SWNS -5.216ns STNS -1541.994ns FEP 381 took 1.41588 seconds
PHY-1001 : Iter 5; Processed 100 pins with SWNS -5.216ns STNS -1535.137ns FEP 362 took 15.435 seconds.
PHY-1001 : len = 2.83435e+06, over cnt = 957(0%), over = 959, worst = 2, crit = 1
PHY-1001 : End Stage 2.5.2.3 | Setup TimeOptimization; Time: 20.445768s wall, 25.578125s user + 0.328125s system = 25.906250s CPU (126.7%); Memory(MB): used = 1638, reserved = 1657, peak = 1638;

PHY-1001 : Stage 2.5.2.4 | Rip-up And ReRoute
PHY-1001 : Iter 1: len = 2.84085e+06, over cnt = 310(0%), over = 310, worst = 1, crit = 0, time(s) = 1.04
PHY-1001 : Iter 2: len = 2.84158e+06, over cnt = 25(0%), over = 25, worst = 1, crit = 0, time(s) = 0.52
PHY-1001 : Iter 3: len = 2.84176e+06, over cnt = 10(0%), over = 10, worst = 1, crit = 0, time(s) = 0.06
PHY-1001 : Iter 4: len = 2.8419e+06, over cnt = 3(0%), over = 3, worst = 1, crit = 0, time(s) = 0.07
PHY-1001 : Iter 5: len = 2.8419e+06, over cnt = 3(0%), over = 3, worst = 1, crit = 0, time(s) = 0.03
PHY-1001 : Iter 6: len = 2.8419e+06, over cnt = 3(0%), over = 3, worst = 1, crit = 0, time(s) = 0.04
PHY-1001 : Marking 30 (0.78%) hot zones with cutoff utilization 81.08.
PHY-1001 : Iter 7: len = 2.8419e+06, over cnt = 3(0%), over = 3, worst = 1, crit = 0, time(s) = 0.04
PHY-1001 : Iter 8: len = 2.8419e+06, over cnt = 3(0%), over = 3, worst = 1, crit = 0, time(s) = 0.04
PHY-1001 : Iter 9: len = 2.8419e+06, over cnt = 3(0%), over = 3, worst = 1, crit = 0, time(s) = 0.04
PHY-1001 : Iter 10: len = 2.8419e+06, over cnt = 0(0%), over = 0, worst = 0, crit = 0, time(s) = 0.05
PHY-1001 : Marking 30 (0.78%) hot zones with cutoff utilization 81.08.
PHY-1001 : Update congestion ...
PHY-1001 : Marking 30 (0.78%) hot zones with cutoff utilization 81.08.
PHY-1001 : Congestion index:
PHY-1001 : top1  = 82.66(S 69.63, N 62.29, E 74.20, W 81.11, I 70.83, O 74.01)
PHY-1001 : top5  = 72.24(S 59.69, N 53.64, E 61.72, W 68.34, I 54.29, O 55.50)
PHY-1001 : top10 = 66.64(S 54.74, N 48.89, E 54.75, W 61.94, I 48.61, O 47.43)
PHY-1001 : top15 = 63.39(S 51.21, N 45.46, E 50.10, W 57.30, I 45.00, O 42.38)
PHY-1001 : End update congestion; 0.019512s wall, 0.015625s user + 0.000000s system = 0.015625s CPU (80.1%)

PHY-1001 : End Stage 2.5.2.4 | Rip-up And ReRoute; Time: 2.070259s wall, 3.718750s user + 0.046875s system = 3.765625s CPU (181.9%); Memory(MB): used = 1638, reserved = 1657, peak = 1638;

PHY-1001 : Stage 2.5.2.5 | Update Timing
PHY-1001 : 861/17536(4%) critical/total net(s).
PHY-1001 : Setup: WNS(ns) = -5.236, TNS(ns) = -1543.392, FEP = 373 | Hold: WNS(ns) = -0.158, TNS(ns) = -0.861, FEP = 18.
PHY-1001 : End Stage 2.5.2.5 | Update Timing; Time: 0.667419s wall, 0.656250s user + 0.015625s system = 0.671875s CPU (100.7%); Memory(MB): used = 1638, reserved = 1657, peak = 1638;

PHY-1001 : Stage 2.5.2.6 | Commit Data
PHY-1001 : Commit better result to database ...
PHY-1001 : End Stage 2.5.2.6 | Commit Data; Time: 0.041193s wall, 0.046875s user + 0.000000s system = 0.046875s CPU (113.8%); Memory(MB): used = 1638, reserved = 1657, peak = 1638;

PHY-1001 : End Stage 2.5.2 | Phase 2; Time: 24.343822s wall, 31.359375s user + 0.406250s system = 31.765625s CPU (130.5%); Memory(MB): used = 1638, reserved = 1657, peak = 1638;

PHY-1001 : Stage 2.5.3 | Phase 3
PHY-1001 : Stage 2.5.3.1 | Hold TimeOptimization
PHY-1001 : Iter 0; Processed 22 pins with HWNS 0.009ns HTNS 0.000ns FEP 0 took 0.0628837 seconds.
PHY-1001 : Iter 1; Processed 24 pins with HWNS 0.009ns HTNS 0.000ns FEP 0 took 0.0324925 seconds.
PHY-1001 : len = 2.84392e+06, over cnt = 12(0%), over = 12, worst = 1, crit = 0
PHY-1001 : End Stage 2.5.3.1 | Hold TimeOptimization; Time: 0.142745s wall, 0.140625s user + 0.000000s system = 0.140625s CPU (98.5%); Memory(MB): used = 1638, reserved = 1657, peak = 1638;

PHY-1001 : Stage 2.5.3.2 | High Fanout Nets Optimization
PHY-1001 : High fanout net optimize summary:
PHY-1001 : Process 9 nets and 13 pins with SWNS -5.322ns STNS -1578.509ns FEP 373.
PHY-1001 : len = 2.84293e+06, over cnt = 12(0%), over = 12, worst = 1, crit = 0
PHY-1001 : End Stage 2.5.3.2 | High Fanout Nets Optimization; Time: 0.403282s wall, 0.406250s user + 0.000000s system = 0.406250s CPU (100.7%); Memory(MB): used = 1638, reserved = 1657, peak = 1638;

PHY-1001 : Stage 2.5.3.3 | Setup TimeOptimization
PHY-1001 : Start to optimize setup violation with net base ...
PHY-1001 : Iter 1; Process 48 nets with SWNS -5.216ns STNS -1535.714ns FEP 366 took 0.542356 seconds
PHY-1001 : Iter 2; Process 4 nets with SWNS -5.216ns STNS -1535.618ns FEP 366 took 0.52932 seconds
PHY-1001 : Iter 3; Process 2 nets with SWNS -5.216ns STNS -1535.137ns FEP 362 took 0.439076 seconds
PHY-1001 : Iter 4; Process 0 nets with SWNS -5.216ns STNS -1535.137ns FEP 362 took 0.265633 seconds
PHY-1001 : Iter 5; Processed 13 pins with SWNS -5.216ns STNS -1535.137ns FEP 362 took 0.402045 seconds.
PHY-1001 : len = 2.84406e+06, over cnt = 48(0%), over = 48, worst = 1, crit = 0
PHY-1001 : End Stage 2.5.3.3 | Setup TimeOptimization; Time: 2.408849s wall, 2.343750s user + 0.031250s system = 2.375000s CPU (98.6%); Memory(MB): used = 1638, reserved = 1657, peak = 1638;

PHY-1001 : Stage 2.5.3.4 | Rip-up And ReRoute
PHY-1001 : Iter 1: len = 2.84365e+06, over cnt = 10(0%), over = 10, worst = 1, crit = 0, time(s) = 0.13
PHY-1001 : Iter 2: len = 2.8433e+06, over cnt = 2(0%), over = 2, worst = 1, crit = 0, time(s) = 0.14
PHY-1001 : Iter 3: len = 2.8433e+06, over cnt = 2(0%), over = 2, worst = 1, crit = 0, time(s) = 0.03
PHY-1001 : Iter 4: len = 2.8433e+06, over cnt = 2(0%), over = 2, worst = 1, crit = 0, time(s) = 0.03
PHY-1001 : Marking 28 (0.73%) hot zones with cutoff utilization 81.08.
PHY-1001 : Iter 5: len = 2.8433e+06, over cnt = 2(0%), over = 2, worst = 1, crit = 0, time(s) = 0.04
PHY-1001 : Iter 6: len = 2.8433e+06, over cnt = 2(0%), over = 2, worst = 1, crit = 0, time(s) = 0.04
PHY-1001 : Iter 7: len = 2.8433e+06, over cnt = 2(0%), over = 2, worst = 1, crit = 0, time(s) = 0.04
PHY-1001 : Iter 8: len = 2.8433e+06, over cnt = 2(0%), over = 2, worst = 1, crit = 0, time(s) = 0.04
PHY-1001 : Iter 9: len = 2.8433e+06, over cnt = 2(0%), over = 2, worst = 1, crit = 0, time(s) = 0.04
PHY-1001 : Marking 28 (0.73%) hot zones with cutoff utilization 81.08.
PHY-1001 : Iter 10: len = 2.8433e+06, over cnt = 0(0%), over = 0, worst = 0, crit = 0, time(s) = 0.06
PHY-1001 : Marking 28 (0.73%) hot zones with cutoff utilization 81.08.
PHY-1001 : Update congestion ...
PHY-1001 : Marking 28 (0.73%) hot zones with cutoff utilization 81.08.
PHY-1001 : Congestion index:
PHY-1001 : top1  = 82.71(S 69.49, N 62.29, E 74.20, W 81.11, I 70.83, O 74.01)
PHY-1001 : top5  = 72.32(S 59.66, N 53.62, E 61.85, W 68.40, I 54.29, O 55.50)
PHY-1001 : top10 = 66.71(S 54.73, N 48.89, E 54.79, W 62.00, I 48.61, O 47.43)
PHY-1001 : top15 = 63.46(S 51.22, N 45.47, E 50.13, W 57.29, I 45.00, O 42.38)
PHY-1001 : End update congestion; 0.021172s wall, 0.031250s user + 0.000000s system = 0.031250s CPU (147.6%)

PHY-1001 : End Stage 2.5.3.4 | Rip-up And ReRoute; Time: 0.747231s wall, 2.765625s user + 0.000000s system = 2.765625s CPU (370.1%); Memory(MB): used = 1638, reserved = 1657, peak = 1638;

PHY-1001 : Stage 2.5.3.5 | Update Timing
PHY-1001 : 663/17536(3%) critical/total net(s).
PHY-1001 : Setup: WNS(ns) = -5.236, TNS(ns) = -1540.136, FEP = 363 | Hold: WNS(ns) = -0.147, TNS(ns) = -0.373, FEP = 6.
PHY-1001 : End Stage 2.5.3.5 | Update Timing; Time: 0.459436s wall, 0.437500s user + 0.015625s system = 0.453125s CPU (98.6%); Memory(MB): used = 1638, reserved = 1657, peak = 1638;

PHY-1001 : Stage 2.5.3.6 | Commit Data
PHY-1001 : Commit better result to database ...
PHY-1001 : End Stage 2.5.3.6 | Commit Data; Time: 0.021000s wall, 0.015625s user + 0.000000s system = 0.015625s CPU (74.4%); Memory(MB): used = 1638, reserved = 1657, peak = 1638;

PHY-1001 : End Stage 2.5.3 | Phase 3; Time: 4.350327s wall, 6.296875s user + 0.046875s system = 6.343750s CPU (145.8%); Memory(MB): used = 1638, reserved = 1657, peak = 1638;

PHY-1001 : Stage 2.5.4 | Phase 4
PHY-1001 : Stage 2.5.4.1 | Hold TimeOptimization
PHY-1001 : Iter 0; Processed 12 pins with HWNS 0.009ns HTNS 0.000ns FEP 0 took 0.0367975 seconds.
PHY-1001 : Iter 1; Processed 14 pins with HWNS 0.009ns HTNS 0.000ns FEP 0 took 0.0371789 seconds.
PHY-1001 : len = 2.84413e+06, over cnt = 9(0%), over = 10, worst = 2, crit = 0
PHY-1001 : End Stage 2.5.4.1 | Hold TimeOptimization; Time: 0.116839s wall, 0.140625s user + 0.000000s system = 0.140625s CPU (120.4%); Memory(MB): used = 1638, reserved = 1657, peak = 1638;

PHY-1001 : Stage 2.5.4.2 | High Fanout Nets Optimization
PHY-1001 : High fanout net optimize summary:
PHY-1001 : Process 7 nets and 10 pins with SWNS -5.725ns STNS -1719.633ns FEP 363.
PHY-1001 : len = 2.84346e+06, over cnt = 9(0%), over = 10, worst = 2, crit = 0
PHY-1001 : End Stage 2.5.4.2 | High Fanout Nets Optimization; Time: 0.291198s wall, 0.281250s user + 0.000000s system = 0.281250s CPU (96.6%); Memory(MB): used = 1638, reserved = 1657, peak = 1638;

PHY-1001 : Stage 2.5.4.3 | Setup TimeOptimization
PHY-1001 : Start to optimize setup violation with net base ...
PHY-1001 : Iter 1; Process 6 nets with SWNS -5.236ns STNS -1540.136ns FEP 363 took 0.371294 seconds
PHY-1001 : Iter 2; Process 3 nets with SWNS -5.236ns STNS -1540.136ns FEP 363 took 0.321076 seconds
PHY-1001 : Iter 3; Process 2 nets with SWNS -5.236ns STNS -1540.136ns FEP 363 took 0.30816 seconds
PHY-1001 : Iter 4; Process 0 nets with SWNS -5.236ns STNS -1540.136ns FEP 363 took 0.33405 seconds
PHY-1001 : Iter 5; Processed 14 pins with SWNS -5.209ns STNS -1533.401ns FEP 362 took 0.615677 seconds.
PHY-1001 : len = 2.84448e+06, over cnt = 15(0%), over = 16, worst = 2, crit = 0
PHY-1001 : End Stage 2.5.4.3 | Setup TimeOptimization; Time: 2.207287s wall, 2.312500s user + 0.015625s system = 2.328125s CPU (105.5%); Memory(MB): used = 1638, reserved = 1657, peak = 1638;

PHY-1001 : Stage 2.5.4.4 | Rip-up And ReRoute
PHY-1001 : Iter 1: len = 2.84398e+06, over cnt = 3(0%), over = 3, worst = 1, crit = 0, time(s) = 0.04
PHY-1001 : Iter 2: len = 2.84389e+06, over cnt = 1(0%), over = 1, worst = 1, crit = 0, time(s) = 0.04
PHY-1001 : Iter 3: len = 2.84389e+06, over cnt = 1(0%), over = 1, worst = 1, crit = 0, time(s) = 0.04
PHY-1001 : Iter 4: len = 2.84389e+06, over cnt = 1(0%), over = 1, worst = 1, crit = 0, time(s) = 0.04
PHY-1001 : Marking 28 (0.73%) hot zones with cutoff utilization 81.08.
PHY-1001 : Iter 5: len = 2.84389e+06, over cnt = 1(0%), over = 1, worst = 1, crit = 0, time(s) = 0.04
PHY-1001 : Iter 6: len = 2.84389e+06, over cnt = 1(0%), over = 1, worst = 1, crit = 0, time(s) = 0.04
PHY-1001 : Iter 7: len = 2.84389e+06, over cnt = 1(0%), over = 1, worst = 1, crit = 0, time(s) = 0.04
PHY-1001 : Iter 8: len = 2.84389e+06, over cnt = 1(0%), over = 1, worst = 1, crit = 0, time(s) = 0.04
PHY-1001 : Iter 9: len = 2.84389e+06, over cnt = 1(0%), over = 1, worst = 1, crit = 0, time(s) = 0.04
PHY-1001 : Marking 28 (0.73%) hot zones with cutoff utilization 81.08.
PHY-1001 : Iter 10: len = 2.84389e+06, over cnt = 0(0%), over = 0, worst = 0, crit = 0, time(s) = 0.04
PHY-1001 : Marking 28 (0.73%) hot zones with cutoff utilization 81.08.
PHY-1001 : Update congestion ...
PHY-1001 : Marking 28 (0.73%) hot zones with cutoff utilization 81.08.
PHY-1001 : Congestion index:
PHY-1001 : top1  = 82.71(S 69.63, N 62.29, E 74.20, W 81.11, I 70.83, O 74.01)
PHY-1001 : top5  = 72.33(S 59.68, N 53.61, E 61.88, W 68.37, I 54.29, O 55.50)
PHY-1001 : top10 = 66.71(S 54.73, N 48.90, E 54.83, W 61.99, I 48.61, O 47.43)
PHY-1001 : top15 = 63.46(S 51.23, N 45.49, E 50.15, W 57.29, I 45.00, O 42.38)
PHY-1001 : End update congestion; 0.021314s wall, 0.046875s user + 0.000000s system = 0.046875s CPU (219.9%)

PHY-1001 : End Stage 2.5.4.4 | Rip-up And ReRoute; Time: 0.545785s wall, 2.890625s user + 0.015625s system = 2.906250s CPU (532.5%); Memory(MB): used = 1638, reserved = 1657, peak = 1638;

PHY-1001 : Stage 2.5.4.5 | Update Timing
PHY-1001 : 638/17536(3%) critical/total net(s).
PHY-1001 : Setup: WNS(ns) = -5.209, TNS(ns) = -1533.401, FEP = 362 | Hold: WNS(ns) = -0.069, TNS(ns) = -0.303, FEP = 8.
PHY-1001 : End Stage 2.5.4.5 | Update Timing; Time: 0.429408s wall, 0.421875s user + 0.000000s system = 0.421875s CPU (98.2%); Memory(MB): used = 1638, reserved = 1657, peak = 1638;

PHY-1001 : Stage 2.5.4.6 | Commit Data
PHY-1001 : Commit better result to database ...
PHY-1001 : End Stage 2.5.4.6 | Commit Data; Time: 0.022752s wall, 0.031250s user + 0.000000s system = 0.031250s CPU (137.4%); Memory(MB): used = 1638, reserved = 1657, peak = 1638;

PHY-1001 : End Stage 2.5.4 | Phase 4; Time: 3.789139s wall, 6.296875s user + 0.031250s system = 6.328125s CPU (167.0%); Memory(MB): used = 1638, reserved = 1657, peak = 1638;

PHY-1001 : Stage 2.5.5 | Phase 5
PHY-1001 : Stage 2.5.5.1 | Hold TimeOptimization
PHY-1001 : Iter 0; Processed 12 pins with HWNS 0.009ns HTNS 0.000ns FEP 0 took 0.0542023 seconds.
PHY-1001 : Iter 1; Processed 14 pins with HWNS 0.009ns HTNS 0.000ns FEP 0 took 0.0428275 seconds.
PHY-1001 : len = 2.84472e+06, over cnt = 9(0%), over = 10, worst = 2, crit = 0
PHY-1001 : End Stage 2.5.5.1 | Hold TimeOptimization; Time: 0.152597s wall, 0.406250s user + 0.015625s system = 0.421875s CPU (276.5%); Memory(MB): used = 1638, reserved = 1657, peak = 1638;

PHY-1001 : Stage 2.5.5.2 | High Fanout Nets Optimization
PHY-1001 : High fanout net optimize summary:
PHY-1001 : Process 7 nets and 10 pins with SWNS -5.725ns STNS -1719.612ns FEP 362.
PHY-1001 : len = 2.84405e+06, over cnt = 9(0%), over = 10, worst = 2, crit = 0
PHY-1001 : End Stage 2.5.5.2 | High Fanout Nets Optimization; Time: 0.326253s wall, 0.312500s user + 0.000000s system = 0.312500s CPU (95.8%); Memory(MB): used = 1638, reserved = 1657, peak = 1638;

PHY-1001 : Stage 2.5.5.3 | Setup TimeOptimization
PHY-1001 : Start to optimize setup violation with net base ...
PHY-1001 : Iter 1; Process 4 nets with SWNS -5.209ns STNS -1533.401ns FEP 362 took 0.373022 seconds
PHY-1001 : Iter 2; Process 3 nets with SWNS -5.209ns STNS -1533.401ns FEP 362 took 0.412016 seconds
PHY-1001 : Iter 3; Process 1 nets with SWNS -5.209ns STNS -1533.401ns FEP 362 took 0.383765 seconds
PHY-1001 : Iter 4; Process 0 nets with SWNS -5.209ns STNS -1533.401ns FEP 362 took 0.328898 seconds
PHY-1001 : Iter 5; Processed 13 pins with SWNS -5.209ns STNS -1533.401ns FEP 362 took 0.485053 seconds.
PHY-1001 : len = 2.84472e+06, over cnt = 10(0%), over = 11, worst = 2, crit = 0
PHY-1001 : End Stage 2.5.5.3 | Setup TimeOptimization; Time: 2.273995s wall, 2.187500s user + 0.046875s system = 2.234375s CPU (98.3%); Memory(MB): used = 1638, reserved = 1657, peak = 1638;

PHY-1001 : Stage 2.5.5.4 | Rip-up And ReRoute
PHY-0007 : Congestion: {86.38, 77.19, 72.33, 69.23}; Timing: {-5.209ns, -1533.401ns, 362}
PHY-1001 : Iter 1: len = 2.84392e+06, over cnt = 1(0%), over = 1, worst = 1, crit = 0, time(s) = 0.04
PHY-1001 : Iter 2: len = 2.84392e+06, over cnt = 1(0%), over = 1, worst = 1, crit = 0, time(s) = 0.04
PHY-1001 : Iter 3: len = 2.84392e+06, over cnt = 1(0%), over = 1, worst = 1, crit = 0, time(s) = 0.04
PHY-1001 : Marking 56 (1.46%) hot zones with cutoff utilization 81.08.
PHY-1001 : Iter 4: len = 2.84392e+06, over cnt = 1(0%), over = 1, worst = 1, crit = 0, time(s) = 0.04
PHY-1001 : Iter 5: len = 2.84392e+06, over cnt = 1(0%), over = 1, worst = 1, crit = 0, time(s) = 0.04
PHY-1001 : Iter 6: len = 2.84392e+06, over cnt = 1(0%), over = 1, worst = 1, crit = 0, time(s) = 0.04
PHY-1001 : Iter 7: len = 2.84392e+06, over cnt = 1(0%), over = 1, worst = 1, crit = 0, time(s) = 0.04
PHY-1001 : Iter 8: len = 2.84392e+06, over cnt = 1(0%), over = 1, worst = 1, crit = 0, time(s) = 0.04
PHY-1001 : Marking 56 (1.46%) hot zones with cutoff utilization 81.08.
PHY-1001 : Iter 9: len = 2.84392e+06, over cnt = 1(0%), over = 1, worst = 1, crit = 0, time(s) = 0.04
PHY-1001 : Iter 10: len = 2.84392e+06, over cnt = 0(0%), over = 0, worst = 0, crit = 0, time(s) = 0.04
PHY-1001 : Marking 56 (1.46%) hot zones with cutoff utilization 81.08.
PHY-1001 : Update congestion ...
PHY-1001 : Marking 56 (1.46%) hot zones with cutoff utilization 81.08.
PHY-1001 : Congestion index:
PHY-1001 : top1  = 82.71(S 69.63, N 62.29, E 74.20, W 81.11, I 70.83, O 74.01)
PHY-1001 : top5  = 72.33(S 59.68, N 53.61, E 61.85, W 68.37, I 54.29, O 55.50)
PHY-1001 : top10 = 66.71(S 54.73, N 48.90, E 54.81, W 62.00, I 48.61, O 47.43)
PHY-1001 : top15 = 63.46(S 51.23, N 45.49, E 50.15, W 57.31, I 45.00, O 42.38)
PHY-1001 : End update congestion; 0.015924s wall, 0.015625s user + 0.000000s system = 0.015625s CPU (98.1%)

PHY-1001 : End Stage 2.5.5.4 | Rip-up And ReRoute; Time: 0.534825s wall, 1.921875s user + 0.031250s system = 1.953125s CPU (365.2%); Memory(MB): used = 1638, reserved = 1657, peak = 1638;

PHY-1001 : Stage 2.5.5.5 | Update Timing
PHY-1001 : 638/17536(3%) critical/total net(s).
PHY-1001 : Setup: WNS(ns) = -5.209, TNS(ns) = -1533.401, FEP = 362 | Hold: WNS(ns) = -0.087, TNS(ns) = -0.300, FEP = 7.
PHY-1001 : End Stage 2.5.5.5 | Update Timing; Time: 0.211895s wall, 0.203125s user + 0.000000s system = 0.203125s CPU (95.9%); Memory(MB): used = 1638, reserved = 1657, peak = 1638;

PHY-1001 : Stage 2.5.5.6 | Commit Data
PHY-1001 : Commit better result to database ...
PHY-1001 : End Stage 2.5.5.6 | Commit Data; Time: 0.021780s wall, 0.015625s user + 0.000000s system = 0.015625s CPU (71.7%); Memory(MB): used = 1638, reserved = 1657, peak = 1638;

PHY-1001 : End Stage 2.5.5 | Phase 5; Time: 3.713973s wall, 5.281250s user + 0.140625s system = 5.421875s CPU (146.0%); Memory(MB): used = 1638, reserved = 1657, peak = 1638;

PHY-1001 : End Stage 2.5 | Routing Optimization; Time: 64.104378s wall, 92.078125s user + 1.031250s system = 93.109375s CPU (145.2%); Memory(MB): used = 1638, reserved = 1657, peak = 1638;

PHY-1001 : Stage 2.6 | Multi-try route Optimization
PHY-1001 : Stop running multi-try route opt due to bad SWNS -5209ps or STNS -1533401ps. Use parameter "set_param route multi_try_route_bad_qor_check off" to skip the check
PHY-1001 : End Stage 2.6 | Multi-try route Optimization; Time: 0.044663s wall, 0.046875s user + 0.000000s system = 0.046875s CPU (105.0%); Memory(MB): used = 1639, reserved = 1658, peak = 1639;

PHY-1003 : Routed, final wirelength = 2.84392e+06
RUN-1001 : Clock region assignment statistics:
RUN-1001 : Clock Region s_0_l [0,0][23,39]; Utilization: 7 out of 12
RUN-1001 : -----------------------------------------------------------------------------------------------------------------------------------------------------------------------------------------------------------------------------------------------------------------------------------------------------------------------------------------------------------------------------------------------------------------------------------------------------
RUN-1001 :   Bank  |                                                   Assigned Clock                                                   |                                                    Route Clock                                                     |  Marking  |                                                                          Buffer                                                                           |  Regional Clock Fanouts  
RUN-1001 : -----------------------------------------------------------------------------------------------------------------------------------------------------------------------------------------------------------------------------------------------------------------------------------------------------------------------------------------------------------------------------------------------------------------------------------------------------
RUN-1001 :    1    |                 u_ph1p35_324_ddr_wrapper/u_ddr2/ph1p_ddrmc_wrapper/ph1p_ddrmc_top/u_alc_mc_top/clk                 |                 u_ph1p35_324_ddr_wrapper/u_ddr2/ph1p_ddrmc_wrapper/ph1p_ddrmc_top/u_alc_mc_top/clk                 |           |   u_ph1p35_324_ddr_wrapper/u_ddr2/ph1p_ddrmc_wrapper/ph1p_ddrmc_top/u_ddr_phy/u_ddrphy_top/u_ddrphy_clk/u_pll1/u_bufg_fbclk_auto_created_sclk_s_0_l_bk1   |           988            
RUN-1001 :    2    |      u_isp_top/u_demosaic/raw_matrix_3x3_buffer_d/zhenghe_d/blk_mem_gen_zhenghe_d1/ram_d32970204f32_Inst/clkb      |      u_isp_top/u_demosaic/raw_matrix_3x3_buffer_d/zhenghe_d/blk_mem_gen_zhenghe_d1/ram_d32970204f32_Inst/clkb      |           |                           u_mipi_dphy_rx_ph1p_mipiio_wrapper/u_ph1p_mipiio_rx_wrapper/bufg_feedback_auto_created_sclk_s_0_l_bk2                           |           472            
RUN-1001 :    3    |                                             u_hdmi_mixer/I_clk_syn_657                                             |                                             u_hdmi_mixer/I_clk_syn_657                                             |           |                                              u_hdmi_mixer/I_clk_created_gclkinst_auto_created_sclk_s_0_l_bk3                                              |           150            
RUN-1001 :    4    |                                                  O_cam_24m_syn_3                                                   |                                                  O_cam_24m_syn_3                                                   |           |                                               O_cam_24m_dup_1_created_gclkinst_auto_created_sclk_s_0_l_bk4                                                |            89            
RUN-1001 :    5    |                                                  I_sys_clk_syn_8                                                   |                                                  I_sys_clk_syn_8                                                   |           |                                               I_sys_clk_dup_6_created_gclkinst_auto_created_sclk_s_0_l_bk5                                                |            85            
RUN-1001 :    6    |                                         u_uicfgcs520/u_i2c/scl_clk_syn_105                                         |                                         u_uicfgcs520/u_i2c/scl_clk_syn_105                                         |           |                                          u_uicfgcs520/u_i2c/scl_clk_created_gclkinst_auto_created_sclk_s_0_l_bk6                                          |            27            
RUN-1001 :    7    |  u_ph1p35_324_ddr_wrapper/u_ddr2/ph1p_ddrmc_wrapper/ph1p_ddrmc_top/u_ddr_phy/u_ddrphy_top/u_ddrphy/apb_pclk_syn_1  |  u_ph1p35_324_ddr_wrapper/u_ddr2/ph1p_ddrmc_wrapper/ph1p_ddrmc_top/u_ddr_phy/u_ddrphy_top/u_ddrphy/apb_pclk_syn_1  |           |  u_ph1p35_324_ddr_wrapper/u_ddr2/ph1p_ddrmc_wrapper/ph1p_ddrmc_top/u_ddr_phy/u_ddrphy_top/u_ddrphy/apb_pclk_created_gclkinst_auto_created_sclk_s_0_l_bk7  |            3             
RUN-1001 : -----------------------------------------------------------------------------------------------------------------------------------------------------------------------------------------------------------------------------------------------------------------------------------------------------------------------------------------------------------------------------------------------------------------------------------------------------
RUN-1001 : Clock Region s_0_r [24,0][47,39]; Utilization: 3 out of 12
RUN-1001 : -----------------------------------------------------------------------------------------------------------------------------------------------------------------------------------------------------------------------------------------------------------------------------------------------------------------------------------------------------------------------------------
RUN-1001 :   Bank  |                                               Assigned Clock                                               |                                                Route Clock                                                 |  Marking  |                                                 Buffer                                                  |  Regional Clock Fanouts  
RUN-1001 : -----------------------------------------------------------------------------------------------------------------------------------------------------------------------------------------------------------------------------------------------------------------------------------------------------------------------------------------------------------------------------------
RUN-1001 :    1    |  u_isp_top/u_demosaic/raw_matrix_3x3_buffer_d/zhenghe_d/blk_mem_gen_zhenghe_d1/ram_d32970204f32_Inst/clkb  |  u_isp_top/u_demosaic/raw_matrix_3x3_buffer_d/zhenghe_d/blk_mem_gen_zhenghe_d1/ram_d32970204f32_Inst/clkb  |           |  u_mipi_dphy_rx_ph1p_mipiio_wrapper/u_ph1p_mipiio_rx_wrapper/bufg_feedback_auto_created_sclk_s_0_r_bk1  |           236            
RUN-1001 :    2    |                                         u_hdmi_mixer/I_clk_syn_657                                         |                                         u_hdmi_mixer/I_clk_syn_657                                         |           |                     u_hdmi_mixer/I_clk_created_gclkinst_auto_created_sclk_s_0_r_bk2                     |           124            
RUN-1001 :    3    |            u_mipi_dphy_rx_ph1p_mipiio_wrapper/u_ph1p_mipiio_rx_wrapper/u_lane0_hs_detect/I_clk             |            u_mipi_dphy_rx_ph1p_mipiio_wrapper/u_ph1p_mipiio_rx_wrapper/u_lane0_hs_detect/I_clk             |           |                             u_PLL/bufg_feedback_auto_created_sclk_s_0_r_bk3                             |            7             
RUN-1001 : -----------------------------------------------------------------------------------------------------------------------------------------------------------------------------------------------------------------------------------------------------------------------------------------------------------------------------------------------------------------------------------
RUN-1001 : Clock Region s_1_l [0,40][23,79]; Utilization: 4 out of 12
RUN-1001 : -----------------------------------------------------------------------------------------------------------------------------------------------------------------------------------------------------------------------------------------------------------------------------------------------------------------------------------------------------------------------------------------------------------------------------------------------------
RUN-1001 :   Bank  |                                                   Assigned Clock                                                   |                                                    Route Clock                                                     |  Marking  |                                                                          Buffer                                                                           |  Regional Clock Fanouts  
RUN-1001 : -----------------------------------------------------------------------------------------------------------------------------------------------------------------------------------------------------------------------------------------------------------------------------------------------------------------------------------------------------------------------------------------------------------------------------------------------------
RUN-1001 :    1    |                 u_ph1p35_324_ddr_wrapper/u_ddr2/ph1p_ddrmc_wrapper/ph1p_ddrmc_top/u_alc_mc_top/clk                 |                 u_ph1p35_324_ddr_wrapper/u_ddr2/ph1p_ddrmc_wrapper/ph1p_ddrmc_top/u_alc_mc_top/clk                 |           |   u_ph1p35_324_ddr_wrapper/u_ddr2/ph1p_ddrmc_wrapper/ph1p_ddrmc_top/u_ddr_phy/u_ddrphy_top/u_ddrphy_clk/u_pll1/u_bufg_fbclk_auto_created_sclk_s_1_l_bk1   |           1238           
RUN-1001 :    2    |      u_isp_top/u_demosaic/raw_matrix_3x3_buffer_d/zhenghe_d/blk_mem_gen_zhenghe_d1/ram_d32970204f32_Inst/clkb      |      u_isp_top/u_demosaic/raw_matrix_3x3_buffer_d/zhenghe_d/blk_mem_gen_zhenghe_d1/ram_d32970204f32_Inst/clkb      |           |                           u_mipi_dphy_rx_ph1p_mipiio_wrapper/u_ph1p_mipiio_rx_wrapper/bufg_feedback_auto_created_sclk_s_1_l_bk2                           |           813            
RUN-1001 :    3    |  u_ph1p35_324_ddr_wrapper/u_ddr2/ph1p_ddrmc_wrapper/ph1p_ddrmc_top/u_ddr_phy/u_ddrphy_top/u_ddrphy/apb_pclk_syn_1  |  u_ph1p35_324_ddr_wrapper/u_ddr2/ph1p_ddrmc_wrapper/ph1p_ddrmc_top/u_ddr_phy/u_ddrphy_top/u_ddrphy/apb_pclk_syn_1  |           |  u_ph1p35_324_ddr_wrapper/u_ddr2/ph1p_ddrmc_wrapper/ph1p_ddrmc_top/u_ddr_phy/u_ddrphy_top/u_ddrphy/apb_pclk_created_gclkinst_auto_created_sclk_s_1_l_bk3  |            25            
RUN-1001 :    4    |                                             u_hdmi_mixer/I_clk_syn_657                                             |                                             u_hdmi_mixer/I_clk_syn_657                                             |           |                                              u_hdmi_mixer/I_clk_created_gclkinst_auto_created_sclk_s_1_l_bk4                                              |            14            
RUN-1001 : -----------------------------------------------------------------------------------------------------------------------------------------------------------------------------------------------------------------------------------------------------------------------------------------------------------------------------------------------------------------------------------------------------------------------------------------------------
RUN-1001 : Clock Region s_1_r [24,40][43,79]; Utilization: 5 out of 12
RUN-1001 : -----------------------------------------------------------------------------------------------------------------------------------------------------------------------------------------------------------------------------------------------------------------------------------------------------------------------------------------------------------------------------------------------------------------------------------
RUN-1001 :   Bank  |                                               Assigned Clock                                               |                                                Route Clock                                                 |  Marking  |                                                                         Buffer                                                                          |  Regional Clock Fanouts  
RUN-1001 : -----------------------------------------------------------------------------------------------------------------------------------------------------------------------------------------------------------------------------------------------------------------------------------------------------------------------------------------------------------------------------------------------------------------------------------
RUN-1001 :    1    |            u_mipi_dphy_rx_ph1p_mipiio_wrapper/u_ph1p_mipiio_rx_wrapper/u_lane0_hs_detect/I_clk             |            u_mipi_dphy_rx_ph1p_mipiio_wrapper/u_ph1p_mipiio_rx_wrapper/u_lane0_hs_detect/I_clk             |           |                                                     u_PLL/bufg_feedback_auto_created_sclk_s_1_r_bk1                                                     |            1             
RUN-1001 :    2    |                                         u_hdmi_mixer/I_clk_syn_657                                         |                                         u_hdmi_mixer/I_clk_syn_657                                         |           |                                             u_hdmi_mixer/I_clk_created_gclkinst_auto_created_sclk_s_1_r_bk2                                             |           714            
RUN-1001 :    3    |  u_isp_top/u_demosaic/raw_matrix_3x3_buffer_d/zhenghe_d/blk_mem_gen_zhenghe_d1/ram_d32970204f32_Inst/clkb  |  u_isp_top/u_demosaic/raw_matrix_3x3_buffer_d/zhenghe_d/blk_mem_gen_zhenghe_d1/ram_d32970204f32_Inst/clkb  |           |                          u_mipi_dphy_rx_ph1p_mipiio_wrapper/u_ph1p_mipiio_rx_wrapper/bufg_feedback_auto_created_sclk_s_1_r_bk3                          |           170            
RUN-1001 :    4    |                      u_hdmi_tx/u_hdmi2phy_wrapper/u0_lane_lvds_8_1/I_serial_clk_syn_1                      |                      u_hdmi_tx/u_hdmi2phy_wrapper/u0_lane_lvds_8_1/I_serial_clk_syn_1                      |           |                         u_hdmi_tx/u_hdmi2phy_wrapper/u0_lane_lvds_8_1/I_serial_clk_created_gclkinst_auto_created_sclk_s_1_r_bk4                         |            35            
RUN-1001 :    5    |             u_ph1p35_324_ddr_wrapper/u_ddr2/ph1p_ddrmc_wrapper/ph1p_ddrmc_top/u_alc_mc_top/clk             |             u_ph1p35_324_ddr_wrapper/u_ddr2/ph1p_ddrmc_wrapper/ph1p_ddrmc_top/u_alc_mc_top/clk             |           |  u_ph1p35_324_ddr_wrapper/u_ddr2/ph1p_ddrmc_wrapper/ph1p_ddrmc_top/u_ddr_phy/u_ddrphy_top/u_ddrphy_clk/u_pll1/u_bufg_fbclk_auto_created_sclk_s_1_r_bk5  |            1             
RUN-1001 : -----------------------------------------------------------------------------------------------------------------------------------------------------------------------------------------------------------------------------------------------------------------------------------------------------------------------------------------------------------------------------------------------------------------------------------
RUN-1002 : start command "export_db camera_to_dsi_display_pr.db"
RUN-1001 : Exported flow parameters
RUN-1001 : Exported /
RUN-1001 : Exported libs
RUN-1001 : Exported entities
RUN-1001 : Exported ports
RUN-1001 : Exported pins
RUN-1001 : Exported instances
RUN-1001 : Exported nets
RUN-1001 : Exported buses
RUN-1001 : Exported models
RUN-1001 : Exported phy database
RUN-1001 : Exported packer
RUN-1001 : Exported congestions
RUN-1001 : Exported violations
RUN-1001 : Exported ATMR Setting
RUN-1001 : Exported timing constraints
RUN-1001 : Exported IO constraints
RUN-1001 : Exported Inst constraints
RUN-1001 : Exported ChipWatcher
PHY-1001 : Current memory(MB): used = 1712, reserved = 1845, peak = 1720.
PHY-1001 : End export database. 0.808142s wall, 1.062500s user + 0.078125s system = 1.140625s CPU (141.1%)

PHY-1001 : End detail routing;  81.128910s wall, 124.093750s user + 1.265625s system = 125.359375s CPU (154.5%)

PHY-1001 : End Stage 2 | Detail Routing; Time: 81.129037s wall, 124.093750s user + 1.265625s system = 125.359375s CPU (154.5%); Memory(MB): used = 1712, reserved = 1845, peak = 1720;

RUN-1002 : start command "phys_opt -post_route -effort low"
RUN-1002 : start command "start_timer -keep_rs"
RUN-1003 : finish command "start_timer -keep_rs" in  1.219334s wall, 1.203125s user + 0.000000s system = 1.203125s CPU (98.7%)

RUN-1004 : used memory is 1712 MB, reserved memory is 1845 MB, peak memory is 1720 MB
OPT-1001 : Total overflow 0.00 peak overflow 0.00
OPT-1001 : Stage 3 | Optimize Path After Routing
PHY-1034 : Refresh detailed routing grids ...
PHY-1001 : Loading existing routes ...
RUN-1001 : Clock Statistics :
RUN-1001 : -----------------------------------------------------------------------------------------------------------------
RUN-1001 :   Index  |                                   Clock Net                                   |         Type          
RUN-1001 : -----------------------------------------------------------------------------------------------------------------
RUN-1001 :     1    |                                u_PLL/clk0_buf                                 |       User GCLK       
RUN-1001 :     2    | u_mipi_dphy_rx_ph1p_mipiio_wrapper/u_ph1p_mipiio_rx_wrapper/S_mipiio_hs_r...  |       User GCLK       
RUN-1001 :     3    | u_ph1p35_324_ddr_wrapper/u_ddr2/ph1p_ddrmc_wrapper/ph1p_ddrmc_top/u_ddr_p...  |       User GCLK       
RUN-1001 :     4    |                                I_sys_clk_dup_6                                |     Inferred GCLK     
RUN-1001 :     5    |                              u_hdmi_mixer/I_clk                               |     Inferred GCLK     
RUN-1001 :     6    |                                O_cam_24m_dup_1                                |     Inferred GCLK     
RUN-1001 :     7    |          u_hdmi_tx/u_hdmi2phy_wrapper/u0_lane_lvds_8_1/I_serial_clk           |     Inferred GCLK     
RUN-1001 :     8    | u_ph1p35_324_ddr_wrapper/u_ddr2/ph1p_ddrmc_wrapper/ph1p_ddrmc_top/u_ddr_p...  |     Inferred GCLK     
RUN-1001 :     9    |                          u_uicfgcs520/u_i2c/scl_clk                           |     Inferred GCLK     
RUN-1001 :    10    | u_ph1p35_324_ddr_wrapper/u_ddr2/ph1p_ddrmc_wrapper/ph1p_ddrmc_top/u_ddr_p...  |  User Multi-Regional  
RUN-1001 :    11    | u_ph1p35_324_ddr_wrapper/u_ddr2/ph1p_ddrmc_wrapper/ph1p_ddrmc_top/u_ddr_p...  |  User Multi-Regional  
RUN-1001 :    12    | u_ph1p35_324_ddr_wrapper/u_ddr2/ph1p_ddrmc_wrapper/ph1p_ddrmc_top/u_ddr_p...  |     User Regional     
RUN-1001 :    13    | u_ph1p35_324_ddr_wrapper/u_ddr2/ph1p_ddrmc_wrapper/ph1p_ddrmc_top/u_ddr_p...  |     User Regional     
RUN-1001 :    14    | u_ph1p35_324_ddr_wrapper/u_ddr2/ph1p_ddrmc_wrapper/ph1p_ddrmc_top/u_ddr_p...  |     User Regional     
RUN-1001 :    15    | u_ph1p35_324_ddr_wrapper/u_ddr2/ph1p_ddrmc_wrapper/ph1p_ddrmc_top/u_ddr_p...  |     User Regional     
RUN-1001 : -----------------------------------------------------------------------------------------------------------------
PHY-1001 : eco open net = 0
OPT-1001 : Start post-route optimization ...
OPT-1001 : WNS -5209 TNS -1533401 NUM_FEPS 362
OPT-1001 : Bail out post-route opt flow because bad initial timing.
OPT-1001 : End Stage 3 | Optimize Path After Routing; Time: 2.462979s wall, 2.390625s user + 0.062500s system = 2.453125s CPU (99.6%); Memory(MB): used = 1712, reserved = 1845, peak = 1720;

OPT-1001 : End physical optimization;  3.777903s wall, 3.687500s user + 0.062500s system = 3.750000s CPU (99.3%)

RUN-1001 : Post-route optimization summary
RUN-1001 : ----------------------------------------------
RUN-1001 :   Metrics  |   Before   |   After    |  impr  
RUN-1001 : ----------------------------------------------
RUN-1001 :    SWNS    |   -5209    |   -5209    |   0    
RUN-1001 :    STNS    |  -1533401  |  -1533401  |   0    
RUN-1001 :    FEPS    |    362     |    362     |   0    
RUN-1001 : ----------------------------------------------
RUN-1001 : Attempt Statistics
RUN-1001 : -----------------------------------------------------
RUN-1001 :          Item         |  Total  |  Succ  |  Percent  
RUN-1001 : -----------------------------------------------------
RUN-1001 :   Attempt relocation  |    0    |   0    |    NA     
RUN-1001 :    Attempt reroute    |    0    |   0    |    NA     
RUN-1001 :       Attempt DR      |    0    |   0    |    NA     
RUN-1001 : -----------------------------------------------------
OPT-1001 : Total DR runtime: 0.000000
OPT-1001 : Total UT runtime: 0.016354
PHY-1001 : Stage 4 | Check And Add Lut-bridge
PHY-1001 : End Stage 4 | Check And Add Lut-bridge; Time: 0.053347s wall, 0.046875s user + 0.000000s system = 0.046875s CPU (87.9%); Memory(MB): used = 1712, reserved = 1845, peak = 1720;

PHY-1001 : Stage 5 | Lut Bridge Check
PHY-1001 : End Stage 5 | Lut Bridge Check; Time: 0.097430s wall, 0.109375s user + 0.000000s system = 0.109375s CPU (112.3%); Memory(MB): used = 1712, reserved = 1845, peak = 1720;

PHY-1001 : Stage 6 | Physical Net Status Check
PHY-1001 : End Stage 6 | Physical Net Status Check; Time: 0.030797s wall, 0.015625s user + 0.000000s system = 0.015625s CPU (50.7%); Memory(MB): used = 1712, reserved = 1845, peak = 1720;

PHY-1001 : Start multi-drive drc check......
PHY-1001 : No multi-drive.
PHY-1001 : Stage 7 | Clock Net Status Check
PHY-1001 : 2 clock net(s) utilize local routing resource.
PHY-5079 CRITICAL-WARNING: Marked 1 clock net(s) utilize the local routing resources. Please check log message and the sinks of clock nets.
RUN-1001 : CTS Local Wire Summary
RUN-1001 : ------------------------------------------------------------------------------------------------------------------------------------------------------------
RUN-1001 :    ClockName    |   DriverType    |  Clock/Fanout  |  LocalWireNum  |                                  NetName                                   |  Marked  
RUN-1001 : ------------------------------------------------------------------------------------------------------------------------------------------------------------
RUN-1001 :        -        |  AL_PHY_LSLICE  |      1/3       |       14       |                         u_uicfgcs520/u_i2c/scl_clk                         |    -     
RUN-1001 :   pll_clk_24m   |   AL_PHY_SCLK   |     88/89      |       3        |  O_cam_24m_dup_1_created_gclkinst_auto_created_sclk_s_0_l_bk4_sclk_outnet  |   true   
RUN-1001 : ------------------------------------------------------------------------------------------------------------------------------------------------------------
PHY-5088 WARNING: Clock_Analyzer: Detected 1 buffer(s) clkin net because they drive non-clock sinks. Run "analyze_clock -detail" for more infomation.
PHY-5088 WARNING: Clock_Analyzer: Detected 1 buffer(s) clkout net because they drive non-clock sinks. Run "analyze_clock -detail" for more infomation.
PHY-5088 WARNING: Clock_Analyzer: 2 clock-net(s) because they drive other clock net, may cause clock skew. Run "analyze_clock -detail" for more infomation.
PHY-1001 : End Stage 7 | Clock Net Status Check; Time: 0.034052s wall, 0.031250s user + 0.000000s system = 0.031250s CPU (91.8%); Memory(MB): used = 1712, reserved = 1845, peak = 1720;

PHY-1001 : Stage 8 | Abnormal Timing Path check
PHY-1001 : No abnormal timing path.
PHY-1001 : End Stage 8 | Abnormal Timing Path check; Time: 0.102582s wall, 0.109375s user + 0.000000s system = 0.109375s CPU (106.6%); Memory(MB): used = 1712, reserved = 1845, peak = 1720;

RUN-1003 : finish command "phys_opt -post_route -effort low" in  4.153124s wall, 4.046875s user + 0.062500s system = 4.109375s CPU (98.9%)

RUN-1004 : used memory is 1712 MB, reserved memory is 1845 MB, peak memory is 1720 MB
RUN-1002 : start command "export_db camera_to_dsi_display_pr.db"
RUN-1001 : Exported flow parameters
RUN-1001 : Exported /
RUN-1001 : Exported libs
RUN-1001 : Exported entities
RUN-1001 : Exported ports
RUN-1001 : Exported pins
RUN-1001 : Exported instances
RUN-1001 : Exported nets
RUN-1001 : Exported buses
RUN-1001 : Exported models
RUN-1001 : Exported phy database
RUN-1001 : Exported packer
RUN-1001 : Exported congestions
RUN-1001 : Exported violations
RUN-1001 : Exported ATMR Setting
RUN-1001 : Exported timing constraints
RUN-1001 : Exported IO constraints
RUN-1001 : Exported Inst constraints
RUN-1001 : Exported ChipWatcher
RUN-1002 : start command "fix_hold"

PHY-1001 : Stage 9 | Hold Fix
PHY-1001 : Stage 9.1 | Load Design Data
PHY-1034 : Refresh detailed routing grids ...
PHY-1001 : Generate nets ...
PHY-1001 : eco open net = 0
PHY-1001 : End Stage 9.1 | Load Design Data; Time: 0.292308s wall, 0.437500s user + 0.000000s system = 0.437500s CPU (149.7%); Memory(MB): used = 1720, reserved = 1845, peak = 1720;

PHY-1001 : Stage 9.2 | Hold Fix Optimization
RUN-1002 : start command "start_timer"
9.660000
15.000000
15.000000
13.333000
RUN-1003 : finish command "start_timer" in  1.454357s wall, 1.437500s user + 0.015625s system = 1.453125s CPU (99.9%)

RUN-1004 : used memory is 1720 MB, reserved memory is 1845 MB, peak memory is 1720 MB
PHY-1001 : Timing info: SWNS -5.209ns | STNS -1533.401ns | HWNS -0.087ns | HTNS -0.300ns.
PHY-1001 : Processing hold violation on 12 end-point, worst slack = -87ps, best slack = 18ps.
PHY-1001 : End timing refresh.  3.867533s wall, 3.828125s user + 0.031250s system = 3.859375s CPU (99.8%)

PHY-1001 : Stage 9.2.1 | Phase 1
PHY-1001 : Stage 9.2.1.1 | Hold Fix By LutBridge
PHY-1001 : len = 2.84499e+06, over cnt = 0(0%), over = 0, worst = 0, crit = 0
PHY-1001 : Bridge count = 0; unresolved count = 0.
PHY-1001 : 1 out of 12 ((8.33)%) EP fixed by LB.
PHY-1001 : End Stage 9.2.1.1 | Hold Fix By LutBridge; Time: 0.266923s wall, 0.500000s user + 0.000000s system = 0.500000s CPU (187.3%); Memory(MB): used = 1720, reserved = 1845, peak = 1720;

PHY-1001 : Timing info: SWNS -5.209ns | STNS -1533.401ns | HWNS 0.020ns | HTNS 0.000ns.
PHY-1001 : End timing refresh.  0.050978s wall, 0.046875s user + 0.000000s system = 0.046875s CPU (92.0%)

PHY-1001 : End Stage 9.2.1 | Phase 1; Time: 0.336930s wall, 0.562500s user + 0.000000s system = 0.562500s CPU (166.9%); Memory(MB): used = 1720, reserved = 1845, peak = 1720;

PHY-1001 : End Stage 9.2 | Hold Fix Optimization; Time: 4.205725s wall, 4.390625s user + 0.031250s system = 4.421875s CPU (105.1%); Memory(MB): used = 1720, reserved = 1845, peak = 1720;

PHY-1001 : End Stage 9 | Hold Fix; Time: 4.638581s wall, 4.968750s user + 0.031250s system = 5.000000s CPU (107.8%); Memory(MB): used = 1720, reserved = 1845, peak = 1720;

RUN-1003 : finish command "fix_hold" in  4.654980s wall, 4.984375s user + 0.031250s system = 5.015625s CPU (107.7%)

RUN-1004 : used memory is 1720 MB, reserved memory is 1845 MB, peak memory is 1720 MB
PHY-1001 : Stage 10 | Report Route Qor
RUN-1002 : start command "report_qor -step route -file route.qor"
RUN-1002 : start command "start_timer"
RUN-1003 : finish command "start_timer" in  1.334447s wall, 1.328125s user + 0.000000s system = 1.328125s CPU (99.5%)

RUN-1004 : used memory is 1720 MB, reserved memory is 1845 MB, peak memory is 1720 MB
-----------------------------------------------------------
| QoR metrics               |         value               |
-----------------------------------------------------------
| Timing                    |                             |
|     Setup WNS             |        -5209                |
|     Setup TNS             |     -1533401                |
|     Num of violated S-EP  |          362                |
|     Hold WNS              |           20                |
|     Hold TNS              |            0                |
|     Num of violated H-EP  |            0                |
-----------------------------------------------------------
| Routing Resource          |                             |
|     Wire length           |      2844992                |
-----------------------------------------------------------
| Utilization               |                             |
|     #slices               |        11116                |
|     slices percentage     |       52.39%                |
|     #RAMs                 |           39                |
|     #DSPs                 |           13                |
|     #DRAMHARDCON          |           69                |
-----------------------------------------------------------
Report route stage QoR done.

RUN-1003 : finish command "report_qor -step route -file route.qor" in  3.579473s wall, 3.562500s user + 0.015625s system = 3.578125s CPU (100.0%)

RUN-1004 : used memory is 1720 MB, reserved memory is 1845 MB, peak memory is 1720 MB
RUN-1002 : start command "update_timing -mode final"
RUN-1002 : start command "start_timer"
RUN-1003 : finish command "start_timer" in  1.251610s wall, 1.218750s user + 0.031250s system = 1.250000s CPU (99.9%)

RUN-1004 : used memory is 1720 MB, reserved memory is 1845 MB, peak memory is 1720 MB
RUN-1003 : finish command "update_timing -mode final" in  3.507184s wall, 3.453125s user + 0.031250s system = 3.484375s CPU (99.3%)

RUN-1004 : used memory is 1720 MB, reserved memory is 1845 MB, peak memory is 1720 MB
RUN-1002 : start command "report_timing_summary -file final_timing.rpt"
OPT-1001 : QoR tracer report on route step:
    SWNS [   incr ]      STNS [     incr ]  S-FEPS [   incr ]    HWNS [   incr ]      HTNS [     incr ]    H-FEPS [     incr ]    CELL [   incr ]       WL [    incr ]   RT(s) [   incr ]   MEM(mb) [     incr ]
   -5181 [      0 ]  -1519252 [        0 ]     386 [      0 ]    -239 [      0 ]    -13919 [        0 ]       292 [        0 ]   11720 [      0 ]  2536672 [       0 ]      19 [      0 ]      1602 [        0 ] : dr_initialization
   -5159 [     22 ]  -1514191 [     5061 ]     362 [    -24 ]     -11 [    228 ]       -31 [    13888 ]         4 [     -288 ]   11720 [      0 ]  2683024 [  146352 ]      38 [     19 ]      1606 [        4 ] : dr_timing_opt_phase1
   -6553 [  -1394 ]  -1868019 [  -353828 ]     386 [     24 ]    -147 [   -136 ]     -1375 [    -1344 ]        27 [       23 ]   11720 [      0 ]  2770272 [   87248 ]      47 [      9 ]      1638 [       32 ] : dr_opt_phase1
   -5216 [   1337 ]  -1535137 [   332882 ]     362 [    -24 ]       9 [    156 ]         0 [     1375 ]         0 [      -27 ]   11720 [      0 ]  2834352 [   64080 ]      69 [     22 ]      1638 [        0 ] : dr_timing_opt_phase2
   -5236 [    -20 ]  -1543392 [    -8255 ]     373 [     11 ]    -158 [   -167 ]      -861 [     -861 ]        18 [       18 ]   11720 [      0 ]  2841904 [    7552 ]      72 [      3 ]      1638 [        0 ] : dr_opt_phase2
   -5216 [     20 ]  -1535137 [     8255 ]     362 [    -11 ]       9 [    167 ]         0 [      861 ]         0 [      -18 ]   11720 [      0 ]  2844064 [    2160 ]      75 [      3 ]      1638 [        0 ] : dr_timing_opt_phase3
   -5236 [    -20 ]  -1540136 [    -4999 ]     363 [      1 ]    -147 [   -156 ]      -373 [     -373 ]         6 [        6 ]   11720 [      0 ]  2843296 [    -768 ]      76 [      1 ]      1638 [        0 ] : dr_opt_phase3
   -5209 [     27 ]  -1533401 [     6735 ]     362 [     -1 ]       9 [    156 ]         0 [      373 ]         0 [       -6 ]   11720 [      0 ]  2844480 [    1184 ]      79 [      3 ]      1638 [        0 ] : dr_timing_opt_phase4
   -5209 [      0 ]  -1533401 [        0 ]     362 [      0 ]     -69 [    -78 ]      -303 [     -303 ]         8 [        8 ]   11720 [      0 ]  2843888 [    -592 ]      80 [      1 ]      1638 [        0 ] : dr_opt_phase4
   -5209 [      0 ]  -1533401 [        0 ]     362 [      0 ]       9 [     78 ]         0 [      303 ]         0 [       -8 ]   11720 [      0 ]  2844720 [     832 ]      83 [      3 ]      1638 [        0 ] : dr_timing_opt_phase5
   -5209 [      0 ]  -1533401 [        0 ]     362 [      0 ]     -87 [    -96 ]      -300 [     -300 ]         7 [        7 ]   11720 [      0 ]  2843920 [    -800 ]      83 [      0 ]      1638 [        0 ] : dr_opt_phase5
   -5209 [      0 ]  -1533401 [        0 ]     362 [      0 ]     -87 [      0 ]      -300 [        0 ]         7 [        0 ]   11720 [      0 ]  2843920 [       0 ]      84 [      1 ]      1639 [        1 ] : multi_try_opt
   -5209 [      0 ]  -1533401 [        0 ]     362 [      0 ]     -87 [      0 ]      -300 [        0 ]         7 [        0 ]   11720 [      0 ]  2843920 [       0 ]      89 [      5 ]      1720 [       81 ] : post_route_opt
   -5209 [      0 ]  -1533401 [        0 ]     362 [      0 ]      20 [    107 ]         0 [      300 ]         0 [       -7 ]   11720 [      0 ]  2844992 [    1072 ]      94 [      5 ]      1720 [        0 ] : fix_hold_opt

PHY-1001 : End Stage 10 | Report Route Qor; Time: 7.212961s wall, 7.125000s user + 0.062500s system = 7.187500s CPU (99.6%); Memory(MB): used = 1720, reserved = 1845, peak = 1720;

PHY-1001 : Stage 11 | Routing DRC
PHY-1001 : Stage 11.1 | Check And Add Lut-bridge
PHY-1001 : End Stage 11.1 | Check And Add Lut-bridge; Time: 0.053629s wall, 0.046875s user + 0.015625s system = 0.062500s CPU (116.5%); Memory(MB): used = 1720, reserved = 1845, peak = 1720;

PHY-1001 : Stage 11.2 | Lut Bridge Check
PHY-1001 : End Stage 11.2 | Lut Bridge Check; Time: 0.110020s wall, 0.109375s user + 0.000000s system = 0.109375s CPU (99.4%); Memory(MB): used = 1720, reserved = 1845, peak = 1720;

PHY-1001 : Stage 11.3 | Physical Net Status Check
PHY-1001 : End Stage 11.3 | Physical Net Status Check; Time: 0.040312s wall, 0.031250s user + 0.000000s system = 0.031250s CPU (77.5%); Memory(MB): used = 1720, reserved = 1845, peak = 1720;

PHY-1001 : Start multi-drive drc check......
PHY-1001 : No multi-drive.
PHY-1001 : Stage 11.4 | Clock Net Status Check
PHY-1001 : 2 clock net(s) utilize local routing resource.
PHY-5079 CRITICAL-WARNING: Marked 1 clock net(s) utilize the local routing resources. Please check log message and the sinks of clock nets.
RUN-1001 : CTS Local Wire Summary
RUN-1001 : ------------------------------------------------------------------------------------------------------------------------------------------------------------
RUN-1001 :    ClockName    |   DriverType    |  Clock/Fanout  |  LocalWireNum  |                                  NetName                                   |  Marked  
RUN-1001 : ------------------------------------------------------------------------------------------------------------------------------------------------------------
RUN-1001 :        -        |  AL_PHY_LSLICE  |      1/3       |       14       |                         u_uicfgcs520/u_i2c/scl_clk                         |    -     
RUN-1001 :   pll_clk_24m   |   AL_PHY_SCLK   |     88/89      |       3        |  O_cam_24m_dup_1_created_gclkinst_auto_created_sclk_s_0_l_bk4_sclk_outnet  |   true   
RUN-1001 : ------------------------------------------------------------------------------------------------------------------------------------------------------------
PHY-5088 WARNING: Clock_Analyzer: Detected 1 buffer(s) clkin net because they drive non-clock sinks. Run "analyze_clock -detail" for more infomation.
PHY-5088 WARNING: Clock_Analyzer: Detected 1 buffer(s) clkout net because they drive non-clock sinks. Run "analyze_clock -detail" for more infomation.
PHY-5088 WARNING: Clock_Analyzer: 2 clock-net(s) because they drive other clock net, may cause clock skew. Run "analyze_clock -detail" for more infomation.
PHY-1001 : End Stage 11.4 | Clock Net Status Check; Time: 0.050733s wall, 0.046875s user + 0.000000s system = 0.046875s CPU (92.4%); Memory(MB): used = 1720, reserved = 1845, peak = 1720;

PHY-1001 : Stage 11.5 | Abnormal Timing Path check
PHY-1001 : No abnormal timing path.
PHY-1001 : End Stage 11.5 | Abnormal Timing Path check; Time: 0.126880s wall, 0.125000s user + 0.000000s system = 0.125000s CPU (98.5%); Memory(MB): used = 1720, reserved = 1845, peak = 1720;

PHY-1001 : Stage 11.6 | Bound Check
PHY-1001 : Check Pass.
PHY-1001 : End Stage 11.6 | Bound Check; Time: 0.002366s wall, 0.015625s user + 0.000000s system = 0.015625s CPU (660.3%); Memory(MB): used = 1720, reserved = 1845, peak = 1720;

PHY-1001 : End Stage 11 | Routing DRC; Time: 0.418963s wall, 0.406250s user + 0.015625s system = 0.421875s CPU (100.7%); Memory(MB): used = 1720, reserved = 1845, peak = 1720;

RUN-1003 : finish command "route" in  102.232456s wall, 145.875000s user + 1.500000s system = 147.375000s CPU (144.2%)

RUN-1004 : used memory is 1720 MB, reserved memory is 1845 MB, peak memory is 1720 MB
RUN-1002 : start command "report_area -io_info -file camera_to_dsi_display_phy.area"
SYN-4034 : The count of slices with lut is 8787.
SYN-4035 : The count of slices with lut+ripple is 886.
RUN-1001 : standard
***Report Model: design_top_wrapper Device: PH1P35MDG324***

Design Statistics
#IO                        58   out of    160   36.25%
  #input                    2
  #output                  31
  #inout                   25
#lut6                   10241   out of  21216   48.27%
#reg                     7986
  #slice reg             7986   out of  42432   18.82%
  #pad reg                  0

Utilization Statistics
#slice                  11116   out of  21216   52.39%
  #used ram               568
    #dram lut             552
    #shifter lut           16
  #used logic           10548
    #with luts           8787
    #with adder           886
    #reg only             875
#feedthrough             2490
#f7mux                     32   out of  10608    0.30%
#f8mux                      0   out of   5304    0.00%
#eram                      39   out of    108   36.11%
  #eram20k                 39
  #fifo20k                  0
#dsp                       13   out of     40   32.50%
#ddr_byte                   6   out of     12   50.00%
#mipi_tx                    0   out of      2    0.00%
#mipi_rx                    1   out of      2   50.00%
#pad                       17   out of    160   10.62%
#pll                        3   out of      6   50.00%
#gclk                       9   out of     32   28.12%
#lclk                       0   out of     12    0.00%
#sclk                      19   out of     48   39.58%
#mlclk                      2   out of      6   33.33%
#ioclk                      4   out of     18   22.22%


DataNet Average Fanout:

   Index     Fanout     Nets   
    #1          1       15874  
    #2          2       2771   
    #3          3       1159   
    #4          4        587   
    #5        5-10      1940   
    #6        11-50      705   
    #7       51-100      92    
    #8       101-500     17    
  Average     2.81             

RUN-1002 : start command "update_timing -mode final"
RUN-1002 : start command "start_timer"
RUN-1003 : finish command "start_timer" in  1.436145s wall, 1.359375s user + 0.015625s system = 1.375000s CPU (95.7%)

RUN-1004 : used memory is 1720 MB, reserved memory is 1845 MB, peak memory is 1720 MB
RUN-1003 : finish command "update_timing -mode final" in  3.754949s wall, 3.609375s user + 0.031250s system = 3.640625s CPU (97.0%)

RUN-1004 : used memory is 1720 MB, reserved memory is 1845 MB, peak memory is 1720 MB
RUN-1002 : start command "report_timing_status -file camera_to_dsi_display_phy.ts"
RUN-1002 : start command "report_timing_summary -file camera_to_dsi_display_pr.timing"
RUN-1002 : start command "report_timing_exception -file camera_to_dsi_display_exception.timing"
RUN-1002 : start command "flow_status -file route_flow.status"
Location         : C:\FPGA\Fpga_program\fire\td_project\camera_to_dsi_display_Runs\phy_1
Running with     : Tang Dynasty v6.2.168116
                   Copyright (c) 2012-2025 Anlogic Inc.
Top Model        : design_top_wrapper
Device           : PH1P35MDG324
Speed            : 3

Timing Mode      : final
Setup            : WNS -5209ps  TNS -1533401ps  NUM_FEPS   362
Hold             : WNS    20ps  TNS        0ps  NUM_FEPS     0

Flow Statistics  :
RUN-1001 : Flow Statistics:
RUN-1001 : ---------------------------------------------------------------------------------------------------
RUN-1001 :      command     |  #calls  |  wall time   |  cpu time(s)  |  used memory(mb)  |  peak memory(mb)  
RUN-1001 : ---------------------------------------------------------------------------------------------------
RUN-1001 :       route      |    1     |  1m34s(48%)  |   138(40%)    |       1720        |       1720        
RUN-1001 :       place      |    1     |  1m31s(46%)  |   193(56%)    |       1073        |       1073        
RUN-1001 :     fix_hold     |    1     |    4s(2%)    |     4(1%)     |       1720        |       1720        
RUN-1001 :     phys_opt     |    1     |    4s(2%)    |     4(1%)     |       1712        |       1720        
RUN-1001 :     import_db    |    1     |    1s(0%)    |     0(0%)     |        535        |        535        
RUN-1001 :   import_device  |    1     |    1s(0%)    |     0(0%)     |        324        |        324        
RUN-1001 : ---------------------------------------------------------------------------------------------------
RUN-1001 :       total      |    6     |    3m15s     |      339      |       1720        |       1720        
RUN-1001 : ---------------------------------------------------------------------------------------------------
RUN-1002 : start command "report_clock_utilization -file route_clock_utilization.txt"
RUN-1002 : start command "export_db camera_to_dsi_display_pr.db"
RUN-1001 : Exported flow parameters
RUN-1001 : Exported /
RUN-1001 : Exported libs
RUN-1001 : Exported entities
RUN-1001 : Exported ports
RUN-1001 : Exported pins
RUN-1001 : Exported instances
RUN-1001 : Exported nets
RUN-1001 : Exported buses
RUN-1001 : Exported models
RUN-1001 : Exported phy database
RUN-1001 : Exported packer
RUN-1001 : Exported congestions
RUN-1001 : Exported violations
RUN-1001 : Exported ATMR Setting
RUN-1001 : Exported timing constraints
RUN-1001 : Exported IO constraints
RUN-1001 : Exported Inst constraints
RUN-1001 : Exported ChipWatcher
RUN-1002 : start command "commit_param -step bitgen"
RUN-1001 : Print Global Property
RUN-1001 : -------------------------------------------------------------
RUN-1001 :     Parameters    |   Settings   |  Default Values  |  Note  
RUN-1001 : -------------------------------------------------------------
RUN-1001 :    enable_seed    |     off      |       off        |        
RUN-1001 :    hfn_to_clock   |  1000000000  |    1000000000    |        
RUN-1001 :      message      |   standard   |     standard     |        
RUN-1001 :    qor_monitor    |      on      |        on        |        
RUN-1001 :   speedup_effort  |      0       |        0         |        
RUN-1001 :    syn_ip_flow    |     off      |       off        |        
RUN-1001 :       thread      |     auto     |       auto       |        
RUN-1001 : -------------------------------------------------------------
RUN-1002 : start command "set_param bitgen compress on"
RUN-1001 : Print Bitgen Property
RUN-1001 : -------------------------------------------------------------
RUN-1001 :      Parameters     |  Settings  |  Default Values  |  Note  
RUN-1001 : -------------------------------------------------------------
RUN-1001 :         bin         |    off     |       off        |        
RUN-1001 :       compress      |     on     |       off        |   *    
RUN-1001 :       gen_mask      |    off     |       off        |        
RUN-1001 :      max_stream     |     on     |        on        |        
RUN-1001 :      time_info      |     on     |        on        |        
RUN-1001 :   unused_io_status  |   pullup   |      pullup      |        
RUN-1001 :       version       |    0x00    |       0x00       |        
RUN-1001 : -------------------------------------------------------------
RUN-1002 : start command "bitgen -bit camera_to_dsi_display.bit"
RUN-1002 : start command "export_bid camera_to_dsi_display_inst.bid"
BIT-1003 : Start to generate bitstream. 
BIT-1002 : Bitgen processed 3 pll_pd instances.
BIT-1002 : Init instances with 20 threads.
BIT-1002 : Init instances completely, inst num: 11721
BIT-1002 : Init pips with 20 threads.
BIT-1002 : Init pips completely, net num: 17879, pip num: 198461
BIT-1002 : Init feedthrough with 20 threads.
BIT-1002 : Init feedthrough completely, num: 2490
BIT-1003 : Multithreading accelaration with 20 threads.
BIT-1003 : Generate bitstream completely, there are 653824 bits set as '1'.
PRG-1501 : Bit compressed, frame number changed from 3481 to 3431, ratio 1.44%
BIT-1004 : Generate file camera_to_dsi_display_compress.bit.
BIT-1004 : Generate file camera_to_dsi_display.bit.
RUN-1003 : finish command "bitgen -bit camera_to_dsi_display.bit" in  2.674561s wall, 20.015625s user + 0.890625s system = 20.906250s CPU (781.7%)

RUN-1004 : used memory is 1722 MB, reserved memory is 1845 MB, peak memory is 1722 MB
RUN-1002 : start command "setup_debugger"
RUN-1002 : start command "export_bitgen_param -file .bitgen_param.f"
RUN-1002 : start command "export_flow_status -s opt_place -e bitgen"
RUN-1002 : start command "flow_status"

Location         : C:\FPGA\Fpga_program\fire\td_project\camera_to_dsi_display_Runs\phy_1
Running with     : Tang Dynasty v6.2.168116
                   Copyright (c) 2012-2025 Anlogic Inc.
Top Model        : design_top_wrapper
Device           : PH1P35MDG324
Speed            : 3

Timing Mode      : final
Setup            : WNS -5209ps  TNS -1533401ps  NUM_FEPS   362
Hold             : WNS    20ps  TNS        0ps  NUM_FEPS     0

RUN-1001 : Flow Statistics:
RUN-1001 : ---------------------------------------------------------------------------------------------------
RUN-1001 :      command     |  #calls  |  wall time   |  cpu time(s)  |  used memory(mb)  |  peak memory(mb)  
RUN-1001 : ---------------------------------------------------------------------------------------------------
RUN-1001 :       route      |    1     |  1m34s(47%)  |   138(38%)    |       1720        |       1720        
RUN-1001 :       place      |    1     |  1m31s(46%)  |   193(53%)    |       1073        |       1073        
RUN-1001 :     fix_hold     |    1     |    4s(2%)    |     4(1%)     |       1720        |       1720        
RUN-1001 :     phys_opt     |    1     |    4s(2%)    |     4(1%)     |       1712        |       1720        
RUN-1001 :      bitgen      |    1     |    2s(1%)    |    20(5%)     |       1722        |       1722        
RUN-1001 :     import_db    |    1     |    1s(0%)    |     0(0%)     |        535        |        535        
RUN-1001 :   import_device  |    1     |    1s(0%)    |     0(0%)     |        324        |        324        
RUN-1001 : ---------------------------------------------------------------------------------------------------
RUN-1001 :       total      |    7     |    3m17s     |      359      |       1722        |       1722        
RUN-1001 : ---------------------------------------------------------------------------------------------------
